record_id,source,material_code,description,attributes,ground_truth_group,variant
cpse-06780,maintenance,MOTOR-06780,MATÉRIEL INDUCTION MOTOR 5 KW 415 V,"{""size"": ""5 kW"", ""voltage"": ""415 V""}",motor,multilingual
cpse-00242,catalogue,BOLT_C-00242,БОЛТ СТАЛЬ M10 КЛАСС C,"{""grade"": ""C"", ""size"": ""M10"", ""standard"": ""ISO 4014""}",bolt_c,multilingual
cpse-02347,erp,VALVE-02347,GATE VALVE 50 MM 150 PSI,"{""pressure"": ""150 psi"", ""size"": ""50 mm"", ""standard"": ""API 600""}",valve,near_duplicate
cpse-00935,catalogue,GASKET-00935,MATÉRIEL SPIRAL WOUND GASKET DN50,"{""size"": ""DN50"", ""standard"": ""ASME B16.20""}",gasket,multilingual
cpse-01109,catalogue,WASHER-01109,STL WASHER M10,"{""size"": ""M10"", ""standard"": ""ISO 7089""}",washer,abbreviation
cpse-04384,erp,NUT_M10-04384,CARBON STEEL HEX NUT M10 GRADE B,"{""grade"": ""B"", ""size"": ""M10"", ""standard"": ""ISO 4032""}",nut_m10,near_duplicate
cpse-07947,maintenance,BOLT_M12-07947,CARBON STEEL HEX BOLT M12 GRADE B,"{""grade"": ""B"", ""size"": ""M12"", ""standard"": ""ISO 4014""}",bolt_m12,near_duplicate
cpse-08749,erp,BOLT_B-08749,STEEL FASTENER M10 GRADE B,"{""grade"": ""B"", ""size"": ""M10"", ""standard"": ""ISO 4014""}",bolt_b,terminology
cpse-09709,erp,UNRELATED_809-09709,UNRELATED MATERIAL 809 CERAMIC LINER,"{""size"": ""909 mm"", ""standard"": ""CPSE-OTHER""}",unrelated_809,unrelated
cpse-01467,maintenance,BOLT_M12-01467,MATÉRIEL STEEL BOLT M12 GRADE B,"{""grade"": ""B"", ""size"": ""M12"", ""standard"": ""ISO 4014""}",bolt_m12,multilingual
cpse-05036,catalogue,CABLE-05036,POWER CABLE 4 CORE 240 V,"{""size"": ""4 core"", ""voltage"": ""240 V""}",cable,abbreviation
cpse-00252,maintenance,UNRELATED_20-00252,UNRELATED MATERIAL 20 CERAMIC LINER,"{""size"": ""120 mm"", ""standard"": ""CPSE-OTHER""}",unrelated_20,unrelated
cpse-00710,catalogue,BOLT_C-00710,STL BLT M10 GR C,"{""grade"": ""C"", ""size"": ""M10"", ""standard"": ""ISO 4014""}",bolt_c,abbreviation
cpse-05756,catalogue,CABLE-05756,POWER CABLE 4 CORE 240 V,"{""size"": ""4 core"", ""voltage"": ""240 V""}",cable,near_duplicate
cpse-09394,erp,UNRELATED_782-09394,UNRELATED MATERIAL 782 CERAMIC LINER,"{""size"": ""882 mm"", ""standard"": ""CPSE-OTHER""}",unrelated_782,unrelated
cpse-09700,erp,NUT_M10-09700,STEEL HEX NUT 10 mm GRADE B,"{""grade"": ""B"", ""size"": ""M10"", ""standard"": ""ISO 4032""}",nut_m10,unit_format
cpse-01524,maintenance,MOTOR-01524,INDUCTION MOTOR 5 KW 415 V,"{""size"": ""5 kW"", ""voltage"": ""415 V""}",motor,unit_format
cpse-03817,erp,BOLT_B-03817,CARBON STEEL HEX BOLT M10 GRADE B,"{""grade"": ""B"", ""size"": ""M10"", ""standard"": ""ISO 4014""}",bolt_b,near_duplicate
cpse-06929,catalogue,WASHER-06929,STEEL WASHER M10,"{""size"": ""M10"", ""standard"": ""ISO 7089""}",washer,terminology
cpse-06113,catalogue,WASHER-06113,CARBON STEEL WASHER M10,"{""size"": ""M10"", ""standard"": ""ISO 7089""}",washer,near_duplicate
cpse-06139,erp,UNRELATED_511-06139,UNRELATED MATERIAL 511 CERAMIC LINER,"{""size"": ""611 mm"", ""standard"": ""CPSE-OTHER""}",unrelated_511,unrelated
cpse-04122,maintenance,PIPE-04122,CARBON STEEL TUBE 50 MM SCH 40,"{""size"": ""50 mm"", ""standard"": ""ASTM A106""}",pipe,terminology
cpse-00875,catalogue,UNRELATED_72-00875,UNRELATED MATERIAL 72 CERAMIC LINER,"{""size"": ""172 mm"", ""standard"": ""CPSE-OTHER""}",unrelated_72,unrelated
cpse-05793,maintenance,BEARING-05793,MATÉRIEL DEEP GROOVE BALL BEARING 6205,"{""size"": ""6205"", ""standard"": ""ISO 15""}",bearing,multilingual
cpse-01003,erp,VALVE-01003,GATE VALVE 50 MM 150 PSI,"{""pressure"": ""150 psi"", ""size"": ""50 mm"", ""standard"": ""API 600""}",valve,near_duplicate
cpse-07508,catalogue,CABLE-07508,CÂBLE PUISSANCE 4 ÂMES 240 V,"{""size"": ""4 core"", ""voltage"": ""240 V""}",cable,multilingual
cpse-07818,maintenance,PIPE-07818,CARBON STEEL TUBE 50 MM SCH 40,"{""size"": ""50 mm"", ""standard"": ""ASTM A106""}",pipe,terminology
cpse-09085,erp,BOLT_B-09085,STEEL FASTENER M10 GRADE B,"{""grade"": ""B"", ""size"": ""M10"", ""standard"": ""ISO 4014""}",bolt_b,terminology
cpse-04757,catalogue,WASHER-04757,MATÉRIEL STEEL WASHER M10,"{""size"": ""M10"", ""standard"": ""ISO 7089""}",washer,multilingual
cpse-05996,catalogue,CABLE-05996,CÂBLE PUISSANCE 4 ÂMES 240 V,"{""size"": ""4 core"", ""voltage"": ""240 V""}",cable,multilingual
cpse-09523,erp,VALVE-09523,GATE VALVE 50 MM 150 PSI,"{""pressure"": ""150 psi"", ""size"": ""50 mm"", ""standard"": ""API 600""}",valve,abbreviation
cpse-02316,maintenance,MOTOR-02316,INDUCTION MOTOR 5 KW 415 V,"{""size"": ""5 kW"", ""voltage"": ""415 V""}",motor,terminology
cpse-05038,erp,FLANGE-05038,WELD NECK FLANGE DN50 PN16,"{""pressure"": ""PN16"", ""size"": ""DN50"", ""standard"": ""EN 1092""}",flange,unit_format
cpse-04686,maintenance,PIPE-04686,CARBON STL PIPE 50 MM SCH 40,"{""size"": ""50 mm"", ""standard"": ""ASTM A106""}",pipe,abbreviation
cpse-04336,erp,NUT_M10-04336,STL HEX NUT M10 GR B,"{""grade"": ""B"", ""size"": ""M10"", ""standard"": ""ISO 4032""}",nut_m10,abbreviation
cpse-05118,maintenance,PIPE-05118,CARBON STEEL PIPE 50 MM SCH 40,"{""size"": ""50 mm"", ""standard"": ""ASTM A106""}",pipe,exact
cpse-02185,erp,BOLT_B-02185,STEEL BOLT M10 GRADE B,"{""grade"": ""B"", ""size"": ""M10"", ""standard"": ""ISO 4014""}",bolt_b,exact
cpse-07942,erp,FLANGE-07942,MATÉRIEL WELD NECK FLANGE DN50 PN16,"{""pressure"": ""PN16"", ""size"": ""DN50"", ""standard"": ""EN 1092""}",flange,multilingual
cpse-06164,catalogue,CABLE-06164,CÂBLE PUISSANCE 4 ÂMES 240 V,"{""size"": ""4 core"", ""voltage"": ""240 V""}",cable,multilingual
cpse-00688,erp,NUT_M10-00688,CARBON STEEL HEX NUT M10 GRADE B,"{""grade"": ""B"", ""size"": ""M10"", ""standard"": ""ISO 4032""}",nut_m10,near_duplicate
cpse-02434,erp,FLANGE-02434,WELD NECK FLANGE DN50 PN16,"{""pressure"": ""PN16"", ""size"": ""DN50"", ""standard"": ""EN 1092""}",flange,unit_format
cpse-06607,erp,VALVE-06607,GATE VALVE 50 MM 150 PSI,"{""pressure"": ""150 psi"", ""size"": ""50 mm"", ""standard"": ""API 600""}",valve,terminology
cpse-09684,maintenance,MOTOR-09684,INDUCTION MOTOR 5 KW 415 V,"{""size"": ""5 kW"", ""voltage"": ""415 V""}",motor,abbreviation
cpse-06365,catalogue,WASHER-06365,CARBON STEEL WASHER M10,"{""size"": ""M10"", ""standard"": ""ISO 7089""}",washer,near_duplicate
cpse-01253,catalogue,UNRELATED_104-01253,UNRELATED MATERIAL 104 CERAMIC LINER,"{""size"": ""204 mm"", ""standard"": ""CPSE-OTHER""}",unrelated_104,unrelated
cpse-04823,catalogue,UNRELATED_401-04823,UNRELATED MATERIAL 401 CERAMIC LINER,"{""size"": ""501 mm"", ""standard"": ""CPSE-OTHER""}",unrelated_401,unrelated
cpse-08930,catalogue,BOLT_C-08930,STEEL BOLT 10 mm GRADE C,"{""grade"": ""C"", ""size"": ""M10"", ""standard"": ""ISO 4014""}",bolt_c,unit_format
cpse-02545,erp,BOLT_B-02545,БОЛТ СТАЛЬ M10 КЛАСС B,"{""grade"": ""B"", ""size"": ""M10"", ""standard"": ""ISO 4014""}",bolt_b,multilingual
cpse-00727,erp,VALVE-00727,GATE VALVE 50 MM 150 PSI,"{""pressure"": ""150 psi"", ""size"": ""50 mm"", ""standard"": ""API 600""}",valve,terminology
cpse-07563,maintenance,BOLT_M12-07563,STL BLT M12 GR B,"{""grade"": ""B"", ""size"": ""M12"", ""standard"": ""ISO 4014""}",bolt_m12,abbreviation
cpse-04616,catalogue,CABLE-04616,POWER CABLE 4 CORE 240 V,"{""size"": ""4 core"", ""voltage"": ""240 V""}",cable,abbreviation
cpse-08995,erp,UNRELATED_749-08995,UNRELATED MATERIAL 749 CERAMIC LINER,"{""size"": ""849 mm"", ""standard"": ""CPSE-OTHER""}",unrelated_749,unrelated
cpse-09164,catalogue,CABLE-09164,POWER CABLE 4 CORE 240 V,"{""size"": ""4 core"", ""voltage"": ""240 V""}",cable,exact
cpse-07047,maintenance,BOLT_M12-07047,STEEL BOLT M12 GRADE B,"{""grade"": ""B"", ""size"": ""M12"", ""standard"": ""ISO 4014""}",bolt_m12,unit_format
cpse-09972,maintenance,MOTOR-09972,MATÉRIEL INDUCTION MOTOR 5 KW 415 V,"{""size"": ""5 kW"", ""voltage"": ""415 V""}",motor,multilingual
cpse-08598,maintenance,PIPE-08598,CARBON CARBON STEEL PIPE 50 MM SCH 40,"{""size"": ""50 mm"", ""standard"": ""ASTM A106""}",pipe,near_duplicate
cpse-00444,maintenance,MOTOR-00444,INDUCTION MOTOR 5 KW 415 V,"{""size"": ""5 kW"", ""voltage"": ""415 V""}",motor,abbreviation
cpse-08222,catalogue,BOLT_C-08222,БОЛТ СТАЛЬ M10 КЛАСС C,"{""grade"": ""C"", ""size"": ""M10"", ""standard"": ""ISO 4014""}",bolt_c,multilingual
cpse-06969,maintenance,BEARING-06969,MATÉRIEL DEEP GROOVE BALL BEARING 6205,"{""size"": ""6205"", ""standard"": ""ISO 15""}",bearing,multilingual
cpse-05292,maintenance,UNRELATED_440-05292,UNRELATED MATERIAL 440 CERAMIC LINER,"{""size"": ""540 mm"", ""standard"": ""CPSE-OTHER""}",unrelated_440,unrelated
cpse-06031,erp,VALVE-06031,VÁLVULA COMPUERTA 50 MM 150 PSI,"{""pressure"": ""150 psi"", ""size"": ""50 mm"", ""standard"": ""API 600""}",valve,multilingual
cpse-03781,erp,BOLT_B-03781,STEEL BOLT M10 GRADE B,"{""grade"": ""B"", ""size"": ""M10"", ""standard"": ""ISO 4014""}",bolt_b,exact
cpse-08213,catalogue,WASHER-08213,CARBON STEEL WASHER M10,"{""size"": ""M10"", ""standard"": ""ISO 7089""}",washer,near_duplicate
cpse-09739,erp,VALVE-09739,GATE VALVE 50 MM 150 PSI,"{""pressure"": ""150 psi"", ""size"": ""50 mm"", ""standard"": ""API 600""}",valve,near_duplicate
cpse-01418,catalogue,BOLT_C-01418,БОЛТ СТАЛЬ M10 КЛАСС C,"{""grade"": ""C"", ""size"": ""M10"", ""standard"": ""ISO 4014""}",bolt_c,multilingual
cpse-03061,erp,BOLT_B-03061,CARBON STEEL HEX BOLT M10 GRADE B,"{""grade"": ""B"", ""size"": ""M10"", ""standard"": ""ISO 4014""}",bolt_b,near_duplicate
cpse-00625,erp,BOLT_B-00625,CARBON STEEL HEX BOLT M10 GRADE B,"{""grade"": ""B"", ""size"": ""M10"", ""standard"": ""ISO 4014""}",bolt_b,near_duplicate
cpse-03482,catalogue,BOLT_C-03482,STL BLT M10 GR C,"{""grade"": ""C"", ""size"": ""M10"", ""standard"": ""ISO 4014""}",bolt_c,abbreviation
cpse-09882,maintenance,PIPE-09882,CARBON STEEL PIPE 50mm SCH 40,"{""size"": ""50 mm"", ""standard"": ""ASTM A106""}",pipe,unit_format
cpse-08637,maintenance,BEARING-08637,DEEP GROOVE BALL BEARING 6205,"{""size"": ""6205"", ""standard"": ""ISO 15""}",bearing,terminology
cpse-08294,catalogue,BOLT_C-08294,STEEL FASTENER M10 GRADE C,"{""grade"": ""C"", ""size"": ""M10"", ""standard"": ""ISO 4014""}",bolt_c,terminology
cpse-01255,erp,VALVE-01255,GATE VALVE 50 MM 150 PSI,"{""pressure"": ""150 psi"", ""size"": ""50 mm"", ""standard"": ""API 600""}",valve,near_duplicate
cpse-01044,maintenance,MOTOR-01044,INDUCTION MOTOR 5 KW 415 V,"{""size"": ""5 kW"", ""voltage"": ""415 V""}",motor,exact
cpse-00887,catalogue,GASKET-00887,SPIRAL WOUND GASKET DN50,"{""size"": ""DN50"", ""standard"": ""ASME B16.20""}",gasket,unit_format
cpse-04500,maintenance,MOTOR-04500,INDUCTION MOTOR 5 KW 415 V,"{""size"": ""5 kW"", ""voltage"": ""415 V""}",motor,terminology
cpse-08407,erp,UNRELATED_700-08407,UNRELATED MATERIAL 700 CERAMIC LINER,"{""size"": ""800 mm"", ""standard"": ""CPSE-OTHER""}",unrelated_700,unrelated
cpse-08033,catalogue,WASHER-08033,MATÉRIEL STEEL WASHER M10,"{""size"": ""M10"", ""standard"": ""ISO 7089""}",washer,multilingual
cpse-00120,maintenance,MOTOR-00120,INDUCTION MOTOR 5 KW 415 V,"{""size"": ""5 kW"", ""voltage"": ""415 V""}",motor,exact
cpse-02101,erp,BOLT_B-02101,STEEL BOLT M10 GRADE B,"{""grade"": ""B"", ""size"": ""M10"", ""standard"": ""ISO 4014""}",bolt_b,exact
cpse-04181,catalogue,WASHER-04181,CARBON STEEL WASHER M10,"{""size"": ""M10"", ""standard"": ""ISO 7089""}",washer,near_duplicate
cpse-05598,maintenance,PIPE-05598,CARBON STEEL PIPE 50mm SCH 40,"{""size"": ""50 mm"", ""standard"": ""ASTM A106""}",pipe,unit_format
cpse-05529,maintenance,BEARING-05529,DEEP GROOVE BALL BEARING 6205,"{""size"": ""6205"", ""standard"": ""ISO 15""}",bearing,terminology
cpse-08145,maintenance,BEARING-08145,MATÉRIEL DEEP GROOVE BALL BEARING 6205,"{""size"": ""6205"", ""standard"": ""ISO 15""}",bearing,multilingual
cpse-04900,erp,UNRELATED_408-04900,UNRELATED MATERIAL 408 CERAMIC LINER,"{""size"": ""508 mm"", ""standard"": ""CPSE-OTHER""}",unrelated_408,unrelated
cpse-09680,catalogue,CABLE-09680,POWER CABLE 4 CORE 240 V,"{""size"": ""4 core"", ""voltage"": ""240 V""}",cable,terminology
cpse-05909,catalogue,WASHER-05909,STEEL WASHER M10,"{""size"": ""M10"", ""standard"": ""ISO 7089""}",washer,exact
cpse-02779,erp,UNRELATED_231-02779,UNRELATED MATERIAL 231 CERAMIC LINER,"{""size"": ""331 mm"", ""standard"": ""CPSE-OTHER""}",unrelated_231,unrelated
cpse-08340,maintenance,MOTOR-08340,INDUCTION MOTOR 5 KW 415 V,"{""size"": ""5 kW"", ""voltage"": ""415 V""}",motor,abbreviation
cpse-03537,maintenance,BEARING-03537,DEEP GROOVE BALL BEARING 6205,"{""size"": ""6205"", ""standard"": ""ISO 15""}",bearing,near_duplicate
cpse-02386,erp,FLANGE-02386,WELD NECK FLANGE DN50 PN16,"{""pressure"": ""PN16"", ""size"": ""DN50"", ""standard"": ""EN 1092""}",flange,terminology
cpse-08840,catalogue,CABLE-08840,POWER CABLE 4 CORE 240 V,"{""size"": ""4 core"", ""voltage"": ""240 V""}",cable,terminology
cpse-05868,maintenance,MOTOR-05868,INDUCTION MOTOR 5 KW 415 V,"{""size"": ""5 kW"", ""voltage"": ""415 V""}",motor,near_duplicate
cpse-00254,catalogue,BOLT_C-00254,CARBON STEEL HEX BOLT M10 GRADE C,"{""grade"": ""C"", ""size"": ""M10"", ""standard"": ""ISO 4014""}",bolt_c,near_duplicate
cpse-05060,catalogue,CABLE-05060,POWER CABLE 4 CORE 240 V,"{""size"": ""4 core"", ""voltage"": ""240 V""}",cable,terminology
cpse-09810,maintenance,PIPE-09810,CARBON STL PIPE 50 MM SCH 40,"{""size"": ""50 mm"", ""standard"": ""ASTM A106""}",pipe,abbreviation
cpse-05054,catalogue,UNRELATED_421-05054,UNRELATED MATERIAL 421 CERAMIC LINER,"{""size"": ""521 mm"", ""standard"": ""CPSE-OTHER""}",unrelated_421,unrelated
cpse-09741,maintenance,BEARING-09741,MATÉRIEL DEEP GROOVE BALL BEARING 6205,"{""size"": ""6205"", ""standard"": ""ISO 15""}",bearing,multilingual
cpse-00094,erp,FLANGE-00094,WELD NECK FLANGE DN50 PN16,"{""pressure"": ""PN16"", ""size"": ""DN50"", ""standard"": ""EN 1092""}",flange,abbreviation
cpse-02525,catalogue,WASHER-02525,STEEL WASHER 10 mm,"{""size"": ""M10"", ""standard"": ""ISO 7089""}",washer,unit_format
cpse-08898,maintenance,PIPE-08898,CARBON STEEL PIPE 50 MM SCH 40,"{""size"": ""50 mm"", ""standard"": ""ASTM A106""}",pipe,exact
cpse-05982,maintenance,PIPE-05982,TUBO ACERO CARBONO 50 MM SCH 40,"{""size"": ""50 mm"", ""standard"": ""ASTM A106""}",pipe,multilingual
cpse-01754,catalogue,BOLT_C-01754,БОЛТ СТАЛЬ M10 КЛАСС C,"{""grade"": ""C"", ""size"": ""M10"", ""standard"": ""ISO 4014""}",bolt_c,multilingual
cpse-06904,erp,NUT_M10-06904,CARBON STEEL HEX NUT M10 GRADE B,"{""grade"": ""B"", ""size"": ""M10"", ""standard"": ""ISO 4032""}",nut_m10,near_duplicate
cpse-04333,erp,UNRELATED_361-04333,UNRELATED MATERIAL 361 CERAMIC LINER,"{""size"": ""461 mm"", ""standard"": ""CPSE-OTHER""}",unrelated_361,unrelated
cpse-03646,erp,FLANGE-03646,WELD NECK FLANGE DN50 PN16,"{""pressure"": ""PN16"", ""size"": ""DN50"", ""standard"": ""EN 1092""}",flange,terminology
cpse-09503,catalogue,GASKET-09503,MATÉRIEL SPIRAL WOUND GASKET DN50,"{""size"": ""DN50"", ""standard"": ""ASME B16.20""}",gasket,multilingual
cpse-00360,maintenance,MOTOR-00360,INDUCTION MOTOR 5 KW 415 V,"{""size"": ""5 kW"", ""voltage"": ""415 V""}",motor,abbreviation
cpse-03971,catalogue,GASKET-03971,SPIRAL WOUND GASKET DN50,"{""size"": ""DN50"", ""standard"": ""ASME B16.20""}",gasket,near_duplicate
cpse-02032,erp,NUT_M10-02032,CARBON STEEL HEX NUT M10 GRADE B,"{""grade"": ""B"", ""size"": ""M10"", ""standard"": ""ISO 4032""}",nut_m10,near_duplicate
cpse-00442,erp,FLANGE-00442,WELD NECK FLANGE DN50 PN16,"{""pressure"": ""PN16"", ""size"": ""DN50"", ""standard"": ""EN 1092""}",flange,exact
cpse-04093,erp,BOLT_B-04093,STEEL BOLT 10 mm GRADE B,"{""grade"": ""B"", ""size"": ""M10"", ""standard"": ""ISO 4014""}",bolt_b,unit_format
cpse-02023,erp,UNRELATED_168-02023,UNRELATED MATERIAL 168 CERAMIC LINER,"{""size"": ""268 mm"", ""standard"": ""CPSE-OTHER""}",unrelated_168,unrelated
cpse-04650,maintenance,PIPE-04650,CARBON CARBON STEEL PIPE 50 MM SCH 40,"{""size"": ""50 mm"", ""standard"": ""ASTM A106""}",pipe,near_duplicate
cpse-07461,maintenance,BEARING-07461,DEEP GROOVE BALL BEARING 6205,"{""size"": ""6205"", ""standard"": ""ISO 15""}",bearing,terminology
cpse-07170,maintenance,PIPE-07170,CARBON CARBON STEEL PIPE 50 MM SCH 40,"{""size"": ""50 mm"", ""standard"": ""ASTM A106""}",pipe,near_duplicate
cpse-08137,erp,BOLT_B-08137,STL BLT M10 GR B,"{""grade"": ""B"", ""size"": ""M10"", ""standard"": ""ISO 4014""}",bolt_b,abbreviation
cpse-08237,catalogue,WASHER-08237,STEEL WASHER 10 mm,"{""size"": ""M10"", ""standard"": ""ISO 7089""}",washer,unit_format
cpse-08997,maintenance,BEARING-08997,DEEP GROOVE BALL BEARING 6205,"{""size"": ""6205"", ""standard"": ""ISO 15""}",bearing,near_duplicate
cpse-09250,erp,FLANGE-09250,WELD NECK FLANGE DN50 PN16,"{""pressure"": ""PN16"", ""size"": ""DN50"", ""standard"": ""EN 1092""}",flange,abbreviation
cpse-04342,erp,FLANGE-04342,WELD NECK FLANGE DN50 PN16,"{""pressure"": ""PN16"", ""size"": ""DN50"", ""standard"": ""EN 1092""}",flange,near_duplicate
cpse-05428,erp,NUT_M10-05428,STL HEX NUT M10 GR B,"{""grade"": ""B"", ""size"": ""M10"", ""standard"": ""ISO 4032""}",nut_m10,abbreviation
cpse-04139,catalogue,GASKET-04139,SPIRAL WOUND GASKET DN50,"{""size"": ""DN50"", ""standard"": ""ASME B16.20""}",gasket,near_duplicate
cpse-09736,erp,NUT_M10-09736,STEEL HEX NUT M10 GRADE B,"{""grade"": ""B"", ""size"": ""M10"", ""standard"": ""ISO 4032""}",nut_m10,terminology
cpse-07662,maintenance,PIPE-07662,TUBO ACERO CARBONO 50 MM SCH 40,"{""size"": ""50 mm"", ""standard"": ""ASTM A106""}",pipe,multilingual
cpse-09564,maintenance,MOTOR-09564,INDUCTION MOTOR 5 KW 415 V,"{""size"": ""5 kW"", ""voltage"": ""415 V""}",motor,near_duplicate
cpse-09267,maintenance,BOLT_M12-09267,STEEL FASTENER M12 GRADE B,"{""grade"": ""B"", ""size"": ""M12"", ""standard"": ""ISO 4014""}",bolt_m12,terminology
cpse-06354,maintenance,PIPE-06354,CARBON STEEL PIPE 50mm SCH 40,"{""size"": ""50 mm"", ""standard"": ""ASTM A106""}",pipe,unit_format
cpse-09001,erp,BOLT_B-09001,STEEL FASTENER M10 GRADE B,"{""grade"": ""B"", ""size"": ""M10"", ""standard"": ""ISO 4014""}",bolt_b,terminology
cpse-01927,erp,VALVE-01927,GATE VALVE 50 MM 150 PSI,"{""pressure"": ""150 psi"", ""size"": ""50 mm"", ""standard"": ""API 600""}",valve,near_duplicate
cpse-05767,erp,VALVE-05767,GATE VALVE 50 MM 150 PSI,"{""pressure"": ""150 psi"", ""size"": ""50 mm"", ""standard"": ""API 600""}",valve,terminology
cpse-09854,catalogue,BOLT_C-09854,STEEL BOLT 10 mm GRADE C,"{""grade"": ""C"", ""size"": ""M10"", ""standard"": ""ISO 4014""}",bolt_c,unit_format
cpse-06108,maintenance,MOTOR-06108,MATÉRIEL INDUCTION MOTOR 5 KW 415 V,"{""size"": ""5 kW"", ""voltage"": ""415 V""}",motor,multilingual
cpse-03895,erp,VALVE-03895,GATE VALVE 50 MM 150 PSI,"{""pressure"": ""150 psi"", ""size"": ""50 mm"", ""standard"": ""API 600""}",valve,abbreviation
cpse-00456,maintenance,MOTOR-00456,INDUCTION MOTOR 5 KW 415 V,"{""size"": ""5 kW"", ""voltage"": ""415 V""}",motor,exact
cpse-00596,catalogue,CABLE-00596,POWER CABLE 4 CORE 240 V,"{""size"": ""4 core"", ""voltage"": ""240 V""}",cable,exact
cpse-04028,catalogue,CABLE-04028,POWER CABLE 4 CORE 240 V,"{""size"": ""4 core"", ""voltage"": ""240 V""}",cable,abbreviation
cpse-00100,erp,NUT_M10-00100,CARBON STEEL HEX NUT M10 GRADE B,"{""grade"": ""B"", ""size"": ""M10"", ""standard"": ""ISO 4032""}",nut_m10,near_duplicate
cpse-03058,erp,FLANGE-03058,WELD NECK FLANGE DN50 PN16,"{""pressure"": ""PN16"", ""size"": ""DN50"", ""standard"": ""EN 1092""}",flange,terminology
cpse-09899,catalogue,GASKET-09899,SPIRAL WOUND GASKET DN50,"{""size"": ""DN50"", ""standard"": ""ASME B16.20""}",gasket,exact
cpse-03568,erp,NUT_M10-03568,STEEL HEX NUT 10 mm GRADE B,"{""grade"": ""B"", ""size"": ""M10"", ""standard"": ""ISO 4032""}",nut_m10,unit_format
cpse-01879,erp,VALVE-01879,GATE VALVE 50 MM 150 PSI,"{""pressure"": ""150 psi"", ""size"": ""50 mm"", ""standard"": ""API 600""}",valve,abbreviation
cpse-03435,maintenance,BOLT_M12-03435,STEEL BOLT M12 GRADE B,"{""grade"": ""B"", ""size"": ""M12"", ""standard"": ""ISO 4014""}",bolt_m12,unit_format
cpse-03742,erp,FLANGE-03742,MATÉRIEL WELD NECK FLANGE DN50 PN16,"{""pressure"": ""PN16"", ""size"": ""DN50"", ""standard"": ""EN 1092""}",flange,multilingual
cpse-07342,erp,FLANGE-07342,WELD NECK FLANGE DN50 PN16,"{""pressure"": ""PN16"", ""size"": ""DN50"", ""standard"": ""EN 1092""}",flange,terminology
cpse-07636,erp,NUT_M10-07636,STEEL HEX NUT M10 GRADE B,"{""grade"": ""B"", ""size"": ""M10"", ""standard"": ""ISO 4032""}",nut_m10,terminology
cpse-04679,catalogue,GASKET-04679,SPIRAL WOUND GASKET DN50,"{""size"": ""DN50"", ""standard"": ""ASME B16.20""}",gasket,abbreviation
cpse-01610,catalogue,UNRELATED_134-01610,UNRELATED MATERIAL 134 CERAMIC LINER,"{""size"": ""234 mm"", ""standard"": ""CPSE-OTHER""}",unrelated_134,unrelated
cpse-01218,maintenance,UNRELATED_101-01218,UNRELATED MATERIAL 101 CERAMIC LINER,"{""size"": ""201 mm"", ""standard"": ""CPSE-OTHER""}",unrelated_101,unrelated
cpse-01509,maintenance,BEARING-01509,MATÉRIEL DEEP GROOVE BALL BEARING 6205,"{""size"": ""6205"", ""standard"": ""ISO 15""}",bearing,multilingual
cpse-02485,erp,UNRELATED_207-02485,UNRELATED MATERIAL 207 CERAMIC LINER,"{""size"": ""307 mm"", ""standard"": ""CPSE-OTHER""}",unrelated_207,unrelated
cpse-07220,catalogue,CABLE-07220,POWER CABLE 4 CORE 240 V,"{""size"": ""4 core"", ""voltage"": ""240 V""}",cable,abbreviation
cpse-07890,maintenance,PIPE-07890,CARBON STEEL PIPE 50 MM SCH 40,"{""size"": ""50 mm"", ""standard"": ""ASTM A106""}",pipe,exact
cpse-02962,erp,FLANGE-02962,WELD NECK FLANGE DN50 PN16,"{""pressure"": ""PN16"", ""size"": ""DN50"", ""standard"": ""EN 1092""}",flange,exact
cpse-06703,erp,VALVE-06703,VÁLVULA COMPUERTA 50 MM 150 PSI,"{""pressure"": ""150 psi"", ""size"": ""50 mm"", ""standard"": ""API 600""}",valve,multilingual
cpse-04784,catalogue,CABLE-04784,POWER CABLE 4 CORE 240 V,"{""size"": ""4 core"", ""voltage"": ""240 V""}",cable,abbreviation
cpse-07425,maintenance,BEARING-07425,DEEP GROOVE BALL BEARING 6205,"{""size"": ""6205"", ""standard"": ""ISO 15""}",bearing,unit_format
cpse-05701,erp,BOLT_B-05701,STL BLT M10 GR B,"{""grade"": ""B"", ""size"": ""M10"", ""standard"": ""ISO 4014""}",bolt_b,abbreviation
cpse-01010,catalogue,BOLT_C-01010,CARBON STEEL HEX BOLT M10 GRADE C,"{""grade"": ""C"", ""size"": ""M10"", ""standard"": ""ISO 4014""}",bolt_c,near_duplicate
cpse-02284,erp,NUT_M10-02284,CARBON STEEL HEX NUT M10 GRADE B,"{""grade"": ""B"", ""size"": ""M10"", ""standard"": ""ISO 4032""}",nut_m10,near_duplicate
cpse-07885,erp,BOLT_B-07885,STL BLT M10 GR B,"{""grade"": ""B"", ""size"": ""M10"", ""standard"": ""ISO 4014""}",bolt_b,abbreviation
cpse-01036,erp,UNRELATED_86-01036,UNRELATED MATERIAL 86 CERAMIC LINER,"{""size"": ""186 mm"", ""standard"": ""CPSE-OTHER""}",unrelated_86,unrelated
cpse-09513,maintenance,UNRELATED_792-09513,UNRELATED MATERIAL 792 CERAMIC LINER,"{""size"": ""892 mm"", ""standard"": ""CPSE-OTHER""}",unrelated_792,unrelated
cpse-08308,erp,NUT_M10-08308,STEEL HEX NUT M10 GRADE B,"{""grade"": ""B"", ""size"": ""M10"", ""standard"": ""ISO 4032""}",nut_m10,terminology
cpse-05073,maintenance,BEARING-05073,DEEP GROOVE BALL BEARING 6205,"{""size"": ""6205"", ""standard"": ""ISO 15""}",bearing,unit_format
cpse-02879,catalogue,GASKET-02879,SPIRAL WOUND GASKET DN50,"{""size"": ""DN50"", ""standard"": ""ASME B16.20""}",gasket,near_duplicate
cpse-03262,erp,UNRELATED_271-03262,UNRELATED MATERIAL 271 CERAMIC LINER,"{""size"": ""371 mm"", ""standard"": ""CPSE-OTHER""}",unrelated_271,unrelated
cpse-07543,erp,VALVE-07543,VÁLVULA COMPUERTA 50 MM 150 PSI,"{""pressure"": ""150 psi"", ""size"": ""50 mm"", ""standard"": ""API 600""}",valve,multilingual
cpse-03976,erp,UNRELATED_331-03976,UNRELATED MATERIAL 331 CERAMIC LINER,"{""size"": ""431 mm"", ""standard"": ""CPSE-OTHER""}",unrelated_331,unrelated
cpse-09283,erp,VALVE-09283,GATE VALVE 50 MM 150 PSI,"{""pressure"": ""150 psi"", ""size"": ""50 mm"", ""standard"": ""API 600""}",valve,exact
cpse-02014,erp,FLANGE-02014,WELD NECK FLANGE DN50 PN16,"{""pressure"": ""PN16"", ""size"": ""DN50"", ""standard"": ""EN 1092""}",flange,unit_format
cpse-01877,catalogue,WASHER-01877,STEEL WASHER M10,"{""size"": ""M10"", ""standard"": ""ISO 7089""}",washer,exact
cpse-04362,maintenance,PIPE-04362,CARBON STEEL PIPE 50 MM SCH 40,"{""size"": ""50 mm"", ""standard"": ""ASTM A106""}",pipe,exact
cpse-08937,maintenance,BEARING-08937,DEEP GROOVE BALL BEARING 6205,"{""size"": ""6205"", ""standard"": ""ISO 15""}",bearing,unit_format
cpse-03069,maintenance,BEARING-03069,DEEP GROOVE BALL BEARING 6205,"{""size"": ""6205"", ""standard"": ""ISO 15""}",bearing,abbreviation
cpse-06966,maintenance,PIPE-06966,CARBON STEEL PIPE 50 MM SCH 40,"{""size"": ""50 mm"", ""standard"": ""ASTM A106""}",pipe,exact
cpse-02474,catalogue,BOLT_C-02474,STL BLT M10 GR C,"{""grade"": ""C"", ""size"": ""M10"", ""standard"": ""ISO 4014""}",bolt_c,abbreviation
cpse-08484,maintenance,UNRELATED_706-08484,UNRELATED MATERIAL 706 CERAMIC LINER,"{""size"": ""806 mm"", ""standard"": ""CPSE-OTHER""}",unrelated_706,unrelated
cpse-05885,catalogue,WASHER-05885,STEEL WASHER 10 mm,"{""size"": ""M10"", ""standard"": ""ISO 7089""}",washer,unit_format
cpse-07381,erp,BOLT_B-07381,STL BLT M10 GR B,"{""grade"": ""B"", ""size"": ""M10"", ""standard"": ""ISO 4014""}",bolt_b,abbreviation
cpse-04317,maintenance,BEARING-04317,DEEP GROOVE BALL BEARING 6205,"{""size"": ""6205"", ""standard"": ""ISO 15""}",bearing,unit_format
cpse-09715,erp,VALVE-09715,GATE VALVE 50 MM 150 PSI,"{""pressure"": ""150 psi"", ""size"": ""50 mm"", ""standard"": ""API 600""}",valve,terminology
cpse-05436,maintenance,MOTOR-05436,MATÉRIEL INDUCTION MOTOR 5 KW 415 V,"{""size"": ""5 kW"", ""voltage"": ""415 V""}",motor,multilingual
cpse-00728,catalogue,UNRELATED_60-00728,UNRELATED MATERIAL 60 CERAMIC LINER,"{""size"": ""160 mm"", ""standard"": ""CPSE-OTHER""}",unrelated_60,unrelated
cpse-03142,erp,FLANGE-03142,WELD NECK FLANGE DN50 PN16,"{""pressure"": ""PN16"", ""size"": ""DN50"", ""standard"": ""EN 1092""}",flange,terminology
cpse-09603,maintenance,BOLT_M12-09603,STEEL FASTENER M12 GRADE B,"{""grade"": ""B"", ""size"": ""M12"", ""standard"": ""ISO 4014""}",bolt_m12,terminology
cpse-02715,maintenance,BOLT_M12-02715,STEEL FASTENER M12 GRADE B,"{""grade"": ""B"", ""size"": ""M12"", ""standard"": ""ISO 4014""}",bolt_m12,terminology
cpse-07976,catalogue,CABLE-07976,POWER CABLE 4 CORE 240 V,"{""size"": ""4 core"", ""voltage"": ""240 V""}",cable,abbreviation
cpse-02240,catalogue,UNRELATED_186-02240,UNRELATED MATERIAL 186 CERAMIC LINER,"{""size"": ""286 mm"", ""standard"": ""CPSE-OTHER""}",unrelated_186,unrelated
cpse-02461,erp,BOLT_B-02461,БОЛТ СТАЛЬ M10 КЛАСС B,"{""grade"": ""B"", ""size"": ""M10"", ""standard"": ""ISO 4014""}",bolt_b,multilingual
cpse-05007,maintenance,BOLT_M12-05007,CARBON STEEL HEX BOLT M12 GRADE B,"{""grade"": ""B"", ""size"": ""M12"", ""standard"": ""ISO 4014""}",bolt_m12,near_duplicate
cpse-08773,erp,BOLT_B-08773,CARBON STEEL HEX BOLT M10 GRADE B,"{""grade"": ""B"", ""size"": ""M10"", ""standard"": ""ISO 4014""}",bolt_b,near_duplicate
cpse-03443,catalogue,GASKET-03443,SPIRAL WOUND GASKET DN50,"{""size"": ""DN50"", ""standard"": ""ASME B16.20""}",gasket,terminology
cpse-00025,erp,BOLT_B-00025,БОЛТ СТАЛЬ M10 КЛАСС B,"{""grade"": ""B"", ""size"": ""M10"", ""standard"": ""ISO 4014""}",bolt_b,multilingual
cpse-08999,catalogue,GASKET-08999,MATÉRIEL SPIRAL WOUND GASKET DN50,"{""size"": ""DN50"", ""standard"": ""ASME B16.20""}",gasket,multilingual
cpse-03814,erp,FLANGE-03814,WELD NECK FLANGE DN50 PN16,"{""pressure"": ""PN16"", ""size"": ""DN50"", ""standard"": ""EN 1092""}",flange,terminology
cpse-03040,erp,NUT_M10-03040,CARBON STEEL HEX NUT M10 GRADE B,"{""grade"": ""B"", ""size"": ""M10"", ""standard"": ""ISO 4032""}",nut_m10,near_duplicate
cpse-08709,maintenance,BEARING-08709,DEEP GROOVE BALL BEARING 6205,"{""size"": ""6205"", ""standard"": ""ISO 15""}",bearing,exact
cpse-03177,maintenance,BEARING-03177,DEEP GROOVE BALL BEARING 6205,"{""size"": ""6205"", ""standard"": ""ISO 15""}",bearing,terminology
cpse-04394,catalogue,BOLT_C-04394,STEEL BOLT 10 mm GRADE C,"{""grade"": ""C"", ""size"": ""M10"", ""standard"": ""ISO 4014""}",bolt_c,unit_format
cpse-06017,catalogue,WASHER-06017,MATÉRIEL STEEL WASHER M10,"{""size"": ""M10"", ""standard"": ""ISO 7089""}",washer,multilingual
cpse-07576,erp,NUT_M10-07576,CARBON STEEL HEX NUT M10 GRADE B,"{""grade"": ""B"", ""size"": ""M10"", ""standard"": ""ISO 4032""}",nut_m10,near_duplicate
cpse-06396,maintenance,MOTOR-06396,INDUCTION MOTOR 5 KW 415 V,"{""size"": ""5 kW"", ""voltage"": ""415 V""}",motor,unit_format
cpse-06675,maintenance,BOLT_M12-06675,MATÉRIEL STEEL BOLT M12 GRADE B,"{""grade"": ""B"", ""size"": ""M12"", ""standard"": ""ISO 4014""}",bolt_m12,multilingual
cpse-07303,erp,VALVE-07303,GATE VALVE 50 MM 150 PSI,"{""pressure"": ""150 psi"", ""size"": ""50 mm"", ""standard"": ""API 600""}",valve,near_duplicate
cpse-08747,catalogue,GASKET-08747,MATÉRIEL SPIRAL WOUND GASKET DN50,"{""size"": ""DN50"", ""standard"": ""ASME B16.20""}",gasket,multilingual
cpse-06798,maintenance,PIPE-06798,CARBON STEEL PIPE 50 MM SCH 40,"{""size"": ""50 mm"", ""standard"": ""ASTM A106""}",pipe,exact
cpse-04004,catalogue,UNRELATED_333-04004,UNRELATED MATERIAL 333 CERAMIC LINER,"{""size"": ""433 mm"", ""standard"": ""CPSE-OTHER""}",unrelated_333,unrelated
cpse-02350,erp,FLANGE-02350,WELD NECK FLANGE DN50 PN16,"{""pressure"": ""PN16"", ""size"": ""DN50"", ""standard"": ""EN 1092""}",flange,unit_format
cpse-08311,erp,VALVE-08311,GATE VALVE 50 MM 150 PSI,"{""pressure"": ""150 psi"", ""size"": ""50 mm"", ""standard"": ""API 600""}",valve,near_duplicate
cpse-05020,erp,NUT_M10-05020,STEEL HEX NUT M10 GRADE B,"{""grade"": ""B"", ""size"": ""M10"", ""standard"": ""ISO 4032""}",nut_m10,exact
cpse-01577,catalogue,WASHER-01577,CARBON STEEL WASHER M10,"{""size"": ""M10"", ""standard"": ""ISO 7089""}",washer,near_duplicate
cpse-01194,maintenance,PIPE-01194,TUBO ACERO CARBONO 50 MM SCH 40,"{""size"": ""50 mm"", ""standard"": ""ASTM A106""}",pipe,multilingual
cpse-04049,catalogue,WASHER-04049,STL WASHER M10,"{""size"": ""M10"", ""standard"": ""ISO 7089""}",washer,abbreviation
cpse-06609,maintenance,BEARING-06609,DEEP GROOVE BALL BEARING 6205,"{""size"": ""6205"", ""standard"": ""ISO 15""}",bearing,exact
cpse-09141,maintenance,BEARING-09141,DEEP GROOVE BALL BEARING 6205,"{""size"": ""6205"", ""standard"": ""ISO 15""}",bearing,terminology
cpse-01504,erp,NUT_M10-01504,STEEL HEX NUT M10 GRADE B,"{""grade"": ""B"", ""size"": ""M10"", ""standard"": ""ISO 4032""}",nut_m10,terminology
cpse-05218,erp,FLANGE-05218,WELD NECK FLANGE DN50 PN16,"{""pressure"": ""PN16"", ""size"": ""DN50"", ""standard"": ""EN 1092""}",flange,abbreviation
cpse-07835,catalogue,GASKET-07835,SPIRAL WOUND GASKET DN50,"{""size"": ""DN50"", ""standard"": ""ASME B16.20""}",gasket,near_duplicate
cpse-09109,erp,BOLT_B-09109,CARBON STEEL HEX BOLT M10 GRADE B,"{""grade"": ""B"", ""size"": ""M10"", ""standard"": ""ISO 4014""}",bolt_b,near_duplicate
cpse-06997,erp,BOLT_B-06997,БОЛТ СТАЛЬ M10 КЛАСС B,"{""grade"": ""B"", ""size"": ""M10"", ""standard"": ""ISO 4014""}",bolt_b,multilingual
cpse-09775,erp,VALVE-09775,GATE VALVE 50 MM 150 PSI,"{""pressure"": ""150 psi"", ""size"": ""50 mm"", ""standard"": ""API 600""}",valve,abbreviation
cpse-03941,catalogue,UNRELATED_328-03941,UNRELATED MATERIAL 328 CERAMIC LINER,"{""size"": ""428 mm"", ""standard"": ""CPSE-OTHER""}",unrelated_328,unrelated
cpse-04862,catalogue,BOLT_C-04862,БОЛТ СТАЛЬ M10 КЛАСС C,"{""grade"": ""C"", ""size"": ""M10"", ""standard"": ""ISO 4014""}",bolt_c,multilingual
cpse-07801,erp,BOLT_B-07801,STL BLT M10 GR B,"{""grade"": ""B"", ""size"": ""M10"", ""standard"": ""ISO 4014""}",bolt_b,abbreviation
cpse-01521,maintenance,BEARING-01521,DEEP GROOVE BALL BEARING 6205,"{""size"": ""6205"", ""standard"": ""ISO 15""}",bearing,near_duplicate
cpse-00165,maintenance,BEARING-00165,MATÉRIEL DEEP GROOVE BALL BEARING 6205,"{""size"": ""6205"", ""standard"": ""ISO 15""}",bearing,multilingual
cpse-06477,maintenance,BEARING-06477,DEEP GROOVE BALL BEARING 6205,"{""size"": ""6205"", ""standard"": ""ISO 15""}",bearing,near_duplicate
cpse-05361,maintenance,BEARING-05361,DEEP GROOVE BALL BEARING 6205,"{""size"": ""6205"", ""standard"": ""ISO 15""}",bearing,terminology
cpse-07572,maintenance,MOTOR-07572,INDUCTION MOTOR 5 KW 415 V,"{""size"": ""5 kW"", ""voltage"": ""415 V""}",motor,unit_format
cpse-05152,erp,UNRELATED_429-05152,UNRELATED MATERIAL 429 CERAMIC LINER,"{""size"": ""529 mm"", ""standard"": ""CPSE-OTHER""}",unrelated_429,unrelated
cpse-05709,maintenance,BEARING-05709,MATÉRIEL DEEP GROOVE BALL BEARING 6205,"{""size"": ""6205"", ""standard"": ""ISO 15""}",bearing,multilingual
cpse-04829,catalogue,WASHER-04829,STEEL WASHER M10,"{""size"": ""M10"", ""standard"": ""ISO 7089""}",washer,terminology
cpse-05390,catalogue,UNRELATED_449-05390,UNRELATED MATERIAL 449 CERAMIC LINER,"{""size"": ""549 mm"", ""standard"": ""CPSE-OTHER""}",unrelated_449,unrelated
cpse-05147,catalogue,GASKET-05147,SPIRAL WOUND GASKET DN50,"{""size"": ""DN50"", ""standard"": ""ASME B16.20""}",gasket,near_duplicate
cpse-03115,erp,UNRELATED_259-03115,UNRELATED MATERIAL 259 CERAMIC LINER,"{""size"": ""359 mm"", ""standard"": ""CPSE-OTHER""}",unrelated_259,unrelated
cpse-06876,maintenance,MOTOR-06876,INDUCTION MOTOR 5 KW 415 V,"{""size"": ""5 kW"", ""voltage"": ""415 V""}",motor,near_duplicate
cpse-08205,maintenance,BEARING-08205,DEEP GROOVE BALL BEARING 6205,"{""size"": ""6205"", ""standard"": ""ISO 15""}",bearing,exact
cpse-00425,catalogue,WASHER-00425,STEEL WASHER 10 mm,"{""size"": ""M10"", ""standard"": ""ISO 7089""}",washer,unit_format
cpse-04038,maintenance,PIPE-04038,CARBON STEEL TUBE 50 MM SCH 40,"{""size"": ""50 mm"", ""standard"": ""ASTM A106""}",pipe,terminology
cpse-04808,catalogue,CABLE-04808,POWER CABLE 4 CORE 240 V,"{""size"": ""4 core"", ""voltage"": ""240 V""}",cable,terminology
cpse-06749,catalogue,WASHER-06749,STEEL WASHER M10,"{""size"": ""M10"", ""standard"": ""ISO 7089""}",washer,exact
cpse-09101,catalogue,WASHER-09101,STEEL WASHER M10,"{""size"": ""M10"", ""standard"": ""ISO 7089""}",washer,exact
cpse-04186,erp,UNRELATED_348-04186,UNRELATED MATERIAL 348 CERAMIC LINER,"{""size"": ""448 mm"", ""standard"": ""CPSE-OTHER""}",unrelated_348,unrelated
cpse-00295,erp,VALVE-00295,GATE VALVE 50 MM 150 PSI,"{""pressure"": ""150 psi"", ""size"": ""50 mm"", ""standard"": ""API 600""}",valve,exact
cpse-05472,maintenance,MOTOR-05472,INDUCTION MOTOR 5 KW 415 V,"{""size"": ""5 kW"", ""voltage"": ""415 V""}",motor,unit_format
cpse-02867,catalogue,GASKET-02867,MATÉRIEL SPIRAL WOUND GASKET DN50,"{""size"": ""DN50"", ""standard"": ""ASME B16.20""}",gasket,multilingual
cpse-01595,catalogue,GASKET-01595,SPIRAL WOUND GASKET DN50,"{""size"": ""DN50"", ""standard"": ""ASME B16.20""}",gasket,terminology
cpse-06084,maintenance,MOTOR-06084,INDUCTION MOTOR 5 KW 415 V,"{""size"": ""5 kW"", ""voltage"": ""415 V""}",motor,exact
cpse-08841,maintenance,UNRELATED_736-08841,UNRELATED MATERIAL 736 CERAMIC LINER,"{""size"": ""836 mm"", ""standard"": ""CPSE-OTHER""}",unrelated_736,unrelated
cpse-01801,erp,BOLT_B-01801,CARBON STEEL HEX BOLT M10 GRADE B,"{""grade"": ""B"", ""size"": ""M10"", ""standard"": ""ISO 4014""}",bolt_b,near_duplicate
cpse-03437,catalogue,UNRELATED_286-03437,UNRELATED MATERIAL 286 CERAMIC LINER,"{""size"": ""386 mm"", ""standard"": ""CPSE-OTHER""}",unrelated_286,unrelated
cpse-05736,maintenance,MOTOR-05736,INDUCTION MOTOR 5 KW 415 V,"{""size"": ""5 kW"", ""voltage"": ""415 V""}",motor,abbreviation
cpse-07473,maintenance,BEARING-07473,MATÉRIEL DEEP GROOVE BALL BEARING 6205,"{""size"": ""6205"", ""standard"": ""ISO 15""}",bearing,multilingual
cpse-03371,catalogue,GASKET-03371,MATÉRIEL SPIRAL WOUND GASKET DN50,"{""size"": ""DN50"", ""standard"": ""ASME B16.20""}",gasket,multilingual
cpse-03311,catalogue,UNRELATED_275-03311,UNRELATED MATERIAL 275 CERAMIC LINER,"{""size"": ""375 mm"", ""standard"": ""CPSE-OTHER""}",unrelated_275,unrelated
cpse-04827,maintenance,BOLT_M12-04827,MATÉRIEL STEEL BOLT M12 GRADE B,"{""grade"": ""B"", ""size"": ""M12"", ""standard"": ""ISO 4014""}",bolt_m12,multilingual
cpse-08283,maintenance,BOLT_M12-08283,CARBON STEEL HEX BOLT M12 GRADE B,"{""grade"": ""B"", ""size"": ""M12"", ""standard"": ""ISO 4014""}",bolt_m12,near_duplicate
cpse-06403,erp,VALVE-06403,GATE VALVE 50mm 150 PSI,"{""pressure"": ""150 psi"", ""size"": ""50 mm"", ""standard"": ""API 600""}",valve,unit_format
cpse-03427,erp,VALVE-03427,VÁLVULA COMPUERTA 50 MM 150 PSI,"{""pressure"": ""150 psi"", ""size"": ""50 mm"", ""standard"": ""API 600""}",valve,multilingual
cpse-00059,catalogue,GASKET-00059,SPIRAL WOUND GASKET DN50,"{""size"": ""DN50"", ""standard"": ""ASME B16.20""}",gasket,abbreviation
cpse-02730,maintenance,UNRELATED_227-02730,UNRELATED MATERIAL 227 CERAMIC LINER,"{""size"": ""327 mm"", ""standard"": ""CPSE-OTHER""}",unrelated_227,unrelated
cpse-00799,erp,VALVE-00799,GATE VALVE 50 MM 150 PSI,"{""pressure"": ""150 psi"", ""size"": ""50 mm"", ""standard"": ""API 600""}",valve,exact
cpse-04874,catalogue,BOLT_C-04874,CARBON STEEL HEX BOLT M10 GRADE C,"{""grade"": ""C"", ""size"": ""M10"", ""standard"": ""ISO 4014""}",bolt_c,near_duplicate
cpse-04634,catalogue,UNRELATED_386-04634,UNRELATED MATERIAL 386 CERAMIC LINER,"{""size"": ""486 mm"", ""standard"": ""CPSE-OTHER""}",unrelated_386,unrelated
cpse-01055,catalogue,GASKET-01055,SPIRAL WOUND GASKET DN50,"{""size"": ""DN50"", ""standard"": ""ASME B16.20""}",gasket,unit_format
cpse-00244,erp,NUT_M10-00244,STEEL HEX NUT M10 GRADE B,"{""grade"": ""B"", ""size"": ""M10"", ""standard"": ""ISO 4032""}",nut_m10,terminology
cpse-06516,maintenance,MOTOR-06516,INDUCTION MOTOR 5 KW 415 V,"{""size"": ""5 kW"", ""voltage"": ""415 V""}",motor,terminology
cpse-08269,erp,BOLT_B-08269,CARBON STEEL HEX BOLT M10 GRADE B,"{""grade"": ""B"", ""size"": ""M10"", ""standard"": ""ISO 4014""}",bolt_b,near_duplicate
cpse-09075,maintenance,BOLT_M12-09075,STL BLT M12 GR B,"{""grade"": ""B"", ""size"": ""M12"", ""standard"": ""ISO 4014""}",bolt_m12,abbreviation
cpse-08142,maintenance,PIPE-08142,CARBON STEEL PIPE 50 MM SCH 40,"{""size"": ""50 mm"", ""standard"": ""ASTM A106""}",pipe,exact
cpse-03785,catalogue,WASHER-03785,STEEL WASHER 10 mm,"{""size"": ""M10"", ""standard"": ""ISO 7089""}",washer,unit_format
cpse-00677,catalogue,WASHER-00677,STEEL WASHER 10 mm,"{""size"": ""M10"", ""standard"": ""ISO 7089""}",washer,unit_format
cpse-01540,erp,UNRELATED_128-01540,UNRELATED MATERIAL 128 CERAMIC LINER,"{""size"": ""228 mm"", ""standard"": ""CPSE-OTHER""}",unrelated_128,unrelated
cpse-09528,maintenance,MOTOR-09528,INDUCTION MOTOR 5 KW 415 V,"{""size"": ""5 kW"", ""voltage"": ""415 V""}",motor,exact
cpse-03331,erp,VALVE-03331,GATE VALVE 50 MM 150 PSI,"{""pressure"": ""150 psi"", ""size"": ""50 mm"", ""standard"": ""API 600""}",valve,terminology
cpse-06912,maintenance,MOTOR-06912,INDUCTION MOTOR 5 KW 415 V,"{""size"": ""5 kW"", ""voltage"": ""415 V""}",motor,abbreviation
cpse-01279,erp,VALVE-01279,GATE VALVE 50mm 150 PSI,"{""pressure"": ""150 psi"", ""size"": ""50 mm"", ""standard"": ""API 600""}",valve,unit_format
cpse-00580,erp,NUT_M10-00580,STEEL HEX NUT M10 GRADE B,"{""grade"": ""B"", ""size"": ""M10"", ""standard"": ""ISO 4032""}",nut_m10,terminology
cpse-03111,maintenance,BOLT_M12-03111,STL BLT M12 GR B,"{""grade"": ""B"", ""size"": ""M12"", ""standard"": ""ISO 4014""}",bolt_m12,abbreviation
cpse-07499,catalogue,GASKET-07499,SPIRAL WOUND GASKET DN50,"{""size"": ""DN50"", ""standard"": ""ASME B16.20""}",gasket,near_duplicate
cpse-04733,catalogue,WASHER-04733,STEEL WASHER M10,"{""size"": ""M10"", ""standard"": ""ISO 7089""}",washer,exact
cpse-03774,maintenance,PIPE-03774,CARBON STEEL PIPE 50 MM SCH 40,"{""size"": ""50 mm"", ""standard"": ""ASTM A106""}",pipe,exact
cpse-05110,erp,UNRELATED_425-05110,UNRELATED MATERIAL 425 CERAMIC LINER,"{""size"": ""525 mm"", ""standard"": ""CPSE-OTHER""}",unrelated_425,unrelated
cpse-09773,catalogue,WASHER-09773,STEEL WASHER M10,"{""size"": ""M10"", ""standard"": ""ISO 7089""}",washer,exact
cpse-00220,erp,NUT_M10-00220,STL HEX NUT M10 GR B,"{""grade"": ""B"", ""size"": ""M10"", ""standard"": ""ISO 4032""}",nut_m10,abbreviation
cpse-05231,catalogue,GASKET-05231,SPIRAL WOUND GASKET DN50,"{""size"": ""DN50"", ""standard"": ""ASME B16.20""}",gasket,near_duplicate
cpse-07643,catalogue,GASKET-07643,SPIRAL WOUND GASKET DN50,"{""size"": ""DN50"", ""standard"": ""ASME B16.20""}",gasket,terminology
cpse-08940,maintenance,MOTOR-08940,INDUCTION MOTOR 5 KW 415 V,"{""size"": ""5 kW"", ""voltage"": ""415 V""}",motor,exact
cpse-04581,maintenance,BEARING-04581,DEEP GROOVE BALL BEARING 6205,"{""size"": ""6205"", ""standard"": ""ISO 15""}",bearing,abbreviation
cpse-06538,erp,UNRELATED_544-06538,UNRELATED MATERIAL 544 CERAMIC LINER,"{""size"": ""644 mm"", ""standard"": ""CPSE-OTHER""}",unrelated_544,unrelated
cpse-01283,catalogue,GASKET-01283,SPIRAL WOUND GASKET DN50,"{""size"": ""DN50"", ""standard"": ""ASME B16.20""}",gasket,near_duplicate
cpse-06819,maintenance,BOLT_M12-06819,STEEL BOLT M12 GRADE B,"{""grade"": ""B"", ""size"": ""M12"", ""standard"": ""ISO 4014""}",bolt_m12,exact
cpse-09830,catalogue,BOLT_C-09830,CARBON STEEL HEX BOLT M10 GRADE C,"{""grade"": ""C"", ""size"": ""M10"", ""standard"": ""ISO 4014""}",bolt_c,near_duplicate
cpse-08588,catalogue,CABLE-08588,POWER CABLE 4 CORE 240 V,"{""size"": ""4 core"", ""voltage"": ""240 V""}",cable,terminology
cpse-02995,erp,VALVE-02995,GATE VALVE 50 MM 150 PSI,"{""pressure"": ""150 psi"", ""size"": ""50 mm"", ""standard"": ""API 600""}",valve,terminology
cpse-03891,maintenance,BOLT_M12-03891,STEEL FASTENER M12 GRADE B,"{""grade"": ""B"", ""size"": ""M12"", ""standard"": ""ISO 4014""}",bolt_m12,terminology
cpse-08098,erp,FLANGE-08098,WELD NECK FLANGE DN50 PN16,"{""pressure"": ""PN16"", ""size"": ""DN50"", ""standard"": ""EN 1092""}",flange,terminology
cpse-09718,erp,FLANGE-09718,WELD NECK FLANGE DN50 PN16,"{""pressure"": ""PN16"", ""size"": ""DN50"", ""standard"": ""EN 1092""}",flange,near_duplicate
cpse-00565,erp,BOLT_B-00565,STEEL BOLT 10 mm GRADE B,"{""grade"": ""B"", ""size"": ""M10"", ""standard"": ""ISO 4014""}",bolt_b,unit_format
cpse-02865,maintenance,BEARING-02865,DEEP GROOVE BALL BEARING 6205,"{""size"": ""6205"", ""standard"": ""ISO 15""}",bearing,near_duplicate
cpse-01655,catalogue,GASKET-01655,SPIRAL WOUND GASKET DN50,"{""size"": ""DN50"", ""standard"": ""ASME B16.20""}",gasket,abbreviation
cpse-09901,erp,BOLT_B-09901,STL BLT M10 GR B,"{""grade"": ""B"", ""size"": ""M10"", ""standard"": ""ISO 4014""}",bolt_b,abbreviation
cpse-05035,erp,VALVE-05035,GATE VALVE 50 MM 150 PSI,"{""pressure"": ""150 psi"", ""size"": ""50 mm"", ""standard"": ""API 600""}",valve,near_duplicate
cpse-03394,erp,FLANGE-03394,WELD NECK FLANGE DN50 PN16,"{""pressure"": ""PN16"", ""size"": ""DN50"", ""standard"": ""EN 1092""}",flange,terminology
cpse-02767,erp,VALVE-02767,GATE VALVE 50 MM 150 PSI,"{""pressure"": ""150 psi"", ""size"": ""50 mm"", ""standard"": ""API 600""}",valve,near_duplicate
cpse-02821,erp,UNRELATED_235-02821,UNRELATED MATERIAL 235 CERAMIC LINER,"{""size"": ""335 mm"", ""standard"": ""CPSE-OTHER""}",unrelated_235,unrelated
cpse-05055,maintenance,BOLT_M12-05055,STEEL BOLT M12 GRADE B,"{""grade"": ""B"", ""size"": ""M12"", ""standard"": ""ISO 4014""}",bolt_m12,exact
cpse-02314,erp,FLANGE-02314,MATÉRIEL WELD NECK FLANGE DN50 PN16,"{""pressure"": ""PN16"", ""size"": ""DN50"", ""standard"": ""EN 1092""}",flange,multilingual
cpse-07291,erp,VALVE-07291,VÁLVULA COMPUERTA 50 MM 150 PSI,"{""pressure"": ""150 psi"", ""size"": ""50 mm"", ""standard"": ""API 600""}",valve,multilingual
cpse-03281,catalogue,WASHER-03281,STEEL WASHER 10 mm,"{""size"": ""M10"", ""standard"": ""ISO 7089""}",washer,unit_format
cpse-03082,erp,FLANGE-03082,WELD NECK FLANGE DN50 PN16,"{""pressure"": ""PN16"", ""size"": ""DN50"", ""standard"": ""EN 1092""}",flange,near_duplicate
cpse-08037,maintenance,BEARING-08037,DEEP GROOVE BALL BEARING 6205,"{""size"": ""6205"", ""standard"": ""ISO 15""}",bearing,exact
cpse-00958,erp,FLANGE-00958,WELD NECK FLANGE DN50 PN16,"{""pressure"": ""PN16"", ""size"": ""DN50"", ""standard"": ""EN 1092""}",flange,terminology
cpse-08113,erp,UNRELATED_676-08113,UNRELATED MATERIAL 676 CERAMIC LINER,"{""size"": ""776 mm"", ""standard"": ""CPSE-OTHER""}",unrelated_676,unrelated
cpse-00514,erp,FLANGE-00514,WELD NECK FLANGE DN50 PN16,"{""pressure"": ""PN16"", ""size"": ""DN50"", ""standard"": ""EN 1092""}",flange,abbreviation
cpse-07186,erp,FLANGE-07186,MATÉRIEL WELD NECK FLANGE DN50 PN16,"{""pressure"": ""PN16"", ""size"": ""DN50"", ""standard"": ""EN 1092""}",flange,multilingual
cpse-05531,catalogue,GASKET-05531,SPIRAL WOUND GASKET DN50,"{""size"": ""DN50"", ""standard"": ""ASME B16.20""}",gasket,exact
cpse-01077,maintenance,BEARING-01077,DEEP GROOVE BALL BEARING 6205,"{""size"": ""6205"", ""standard"": ""ISO 15""}",bearing,terminology
cpse-09661,erp,BOLT_B-09661,STEEL BOLT M10 GRADE B,"{""grade"": ""B"", ""size"": ""M10"", ""standard"": ""ISO 4014""}",bolt_b,exact
cpse-01522,erp,FLANGE-01522,WELD NECK FLANGE DN50 PN16,"{""pressure"": ""PN16"", ""size"": ""DN50"", ""standard"": ""EN 1092""}",flange,abbreviation
cpse-07822,erp,FLANGE-07822,WELD NECK FLANGE DN50 PN16,"{""pressure"": ""PN16"", ""size"": ""DN50"", ""standard"": ""EN 1092""}",flange,abbreviation
cpse-06596,catalogue,CABLE-06596,POWER CABLE 4 CORE 240 V,"{""size"": ""4 core"", ""voltage"": ""240 V""}",cable,near_duplicate
cpse-06878,catalogue,BOLT_C-06878,БОЛТ СТАЛЬ M10 КЛАСС C,"{""grade"": ""C"", ""size"": ""M10"", ""standard"": ""ISO 4014""}",bolt_c,multilingual
cpse-07084,erp,UNRELATED_590-07084,UNRELATED MATERIAL 590 CERAMIC LINER,"{""size"": ""690 mm"", ""standard"": ""CPSE-OTHER""}",unrelated_590,unrelated
cpse-06305,catalogue,WASHER-06305,STEEL WASHER 10 mm,"{""size"": ""M10"", ""standard"": ""ISO 7089""}",washer,unit_format
cpse-04299,maintenance,BOLT_M12-04299,STEEL BOLT M12 GRADE B,"{""grade"": ""B"", ""size"": ""M12"", ""standard"": ""ISO 4014""}",bolt_m12,exact
cpse-06133,erp,BOLT_B-06133,STEEL BOLT M10 GRADE B,"{""grade"": ""B"", ""size"": ""M10"", ""standard"": ""ISO 4014""}",bolt_b,exact
cpse-03788,catalogue,CABLE-03788,POWER CABLE 4 CORE 240 V,"{""size"": ""4 core"", ""voltage"": ""240 V""}",cable,exact
cpse-05468,catalogue,CABLE-05468,POWER CABLE 4 CORE 240 V,"{""size"": ""4 core"", ""voltage"": ""240 V""}",cable,exact
cpse-03668,catalogue,UNRELATED_305-03668,UNRELATED MATERIAL 305 CERAMIC LINER,"{""size"": ""405 mm"", ""standard"": ""CPSE-OTHER""}",unrelated_305,unrelated
cpse-03495,maintenance,BOLT_M12-03495,CARBON STEEL HEX BOLT M12 GRADE B,"{""grade"": ""B"", ""size"": ""M12"", ""standard"": ""ISO 4014""}",bolt_m12,near_duplicate
cpse-06778,erp,FLANGE-06778,WELD NECK FLANGE DN50 PN16,"{""pressure"": ""PN16"", ""size"": ""DN50"", ""standard"": ""EN 1092""}",flange,near_duplicate
cpse-06786,maintenance,PIPE-06786,CARBON STL PIPE 50 MM SCH 40,"{""size"": ""50 mm"", ""standard"": ""ASTM A106""}",pipe,abbreviation
cpse-02981,catalogue,WASHER-02981,STEEL WASHER M10,"{""size"": ""M10"", ""standard"": ""ISO 7089""}",washer,terminology
cpse-06771,maintenance,BOLT_M12-06771,CARBON STEEL HEX BOLT M12 GRADE B,"{""grade"": ""B"", ""size"": ""M12"", ""standard"": ""ISO 4014""}",bolt_m12,near_duplicate
cpse-08810,catalogue,BOLT_C-08810,БОЛТ СТАЛЬ M10 КЛАСС C,"{""grade"": ""C"", ""size"": ""M10"", ""standard"": ""ISO 4014""}",bolt_c,multilingual
cpse-07687,erp,VALVE-07687,GATE VALVE 50 MM 150 PSI,"{""pressure"": ""150 psi"", ""size"": ""50 mm"", ""standard"": ""API 600""}",valve,exact
cpse-05025,maintenance,BEARING-05025,DEEP GROOVE BALL BEARING 6205,"{""size"": ""6205"", ""standard"": ""ISO 15""}",bearing,terminology
cpse-06662,catalogue,BOLT_C-06662,STEEL BOLT 10 mm GRADE C,"{""grade"": ""C"", ""size"": ""M10"", ""standard"": ""ISO 4014""}",bolt_c,unit_format
cpse-08265,maintenance,BEARING-08265,DEEP GROOVE BALL BEARING 6205,"{""size"": ""6205"", ""standard"": ""ISO 15""}",bearing,unit_format
cpse-05774,catalogue,BOLT_C-05774,STEEL FASTENER M10 GRADE C,"{""grade"": ""C"", ""size"": ""M10"", ""standard"": ""ISO 4014""}",bolt_c,terminology
cpse-05969,catalogue,WASHER-05969,STEEL WASHER 10 mm,"{""size"": ""M10"", ""standard"": ""ISO 7089""}",washer,unit_format
cpse-04193,catalogue,UNRELATED_349-04193,UNRELATED MATERIAL 349 CERAMIC LINER,"{""size"": ""449 mm"", ""standard"": ""CPSE-OTHER""}",unrelated_349,unrelated
cpse-04507,erp,VALVE-04507,GATE VALVE 50 MM 150 PSI,"{""pressure"": ""150 psi"", ""size"": ""50 mm"", ""standard"": ""API 600""}",valve,terminology
cpse-09966,maintenance,PIPE-09966,CARBON STEEL PIPE 50mm SCH 40,"{""size"": ""50 mm"", ""standard"": ""ASTM A106""}",pipe,unit_format
cpse-01545,maintenance,BEARING-01545,DEEP GROOVE BALL BEARING 6205,"{""size"": ""6205"", ""standard"": ""ISO 15""}",bearing,unit_format
cpse-01703,catalogue,GASKET-01703,SPIRAL WOUND GASKET DN50,"{""size"": ""DN50"", ""standard"": ""ASME B16.20""}",gasket,near_duplicate
cpse-01784,catalogue,CABLE-01784,POWER CABLE 4 CORE 240 V,"{""size"": ""4 core"", ""voltage"": ""240 V""}",cable,terminology
cpse-08147,catalogue,GASKET-08147,SPIRAL WOUND GASKET DN50,"{""size"": ""DN50"", ""standard"": ""ASME B16.20""}",gasket,terminology
cpse-08382,maintenance,PIPE-08382,CARBON STL PIPE 50 MM SCH 40,"{""size"": ""50 mm"", ""standard"": ""ASTM A106""}",pipe,abbreviation
cpse-06909,maintenance,UNRELATED_575-06909,UNRELATED MATERIAL 575 CERAMIC LINER,"{""size"": ""675 mm"", ""standard"": ""CPSE-OTHER""}",unrelated_575,unrelated
cpse-03501,maintenance,BEARING-03501,DEEP GROOVE BALL BEARING 6205,"{""size"": ""6205"", ""standard"": ""ISO 15""}",bearing,exact
cpse-06463,erp,VALVE-06463,GATE VALVE 50 MM 150 PSI,"{""pressure"": ""150 psi"", ""size"": ""50 mm"", ""standard"": ""API 600""}",valve,near_duplicate
cpse-09819,maintenance,BOLT_M12-09819,STEEL BOLT M12 GRADE B,"{""grade"": ""B"", ""size"": ""M12"", ""standard"": ""ISO 4014""}",bolt_m12,unit_format
cpse-05411,catalogue,UNRELATED_450-05411,UNRELATED MATERIAL 450 CERAMIC LINER,"{""size"": ""550 mm"", ""standard"": ""CPSE-OTHER""}",unrelated_450,unrelated
cpse-07763,catalogue,UNRELATED_646-07763,UNRELATED MATERIAL 646 CERAMIC LINER,"{""size"": ""746 mm"", ""standard"": ""CPSE-OTHER""}",unrelated_646,unrelated
cpse-09507,maintenance,BOLT_M12-09507,STEEL BOLT M12 GRADE B,"{""grade"": ""B"", ""size"": ""M12"", ""standard"": ""ISO 4014""}",bolt_m12,exact
cpse-07528,erp,NUT_M10-07528,STL HEX NUT M10 GR B,"{""grade"": ""B"", ""size"": ""M10"", ""standard"": ""ISO 4032""}",nut_m10,abbreviation
cpse-03597,maintenance,BEARING-03597,DEEP GROOVE BALL BEARING 6205,"{""size"": ""6205"", ""standard"": ""ISO 15""}",bearing,terminology
cpse-05673,maintenance,BEARING-05673,DEEP GROOVE BALL BEARING 6205,"{""size"": ""6205"", ""standard"": ""ISO 15""}",bearing,abbreviation
cpse-06853,erp,UNRELATED_571-06853,UNRELATED MATERIAL 571 CERAMIC LINER,"{""size"": ""671 mm"", ""standard"": ""CPSE-OTHER""}",unrelated_571,unrelated
cpse-03377,catalogue,WASHER-03377,STL WASHER M10,"{""size"": ""M10"", ""standard"": ""ISO 7089""}",washer,abbreviation
cpse-08375,catalogue,GASKET-08375,SPIRAL WOUND GASKET DN50,"{""size"": ""DN50"", ""standard"": ""ASME B16.20""}",gasket,abbreviation
cpse-09369,maintenance,BEARING-09369,DEEP GROOVE BALL BEARING 6205,"{""size"": ""6205"", ""standard"": ""ISO 15""}",bearing,abbreviation
cpse-01713,maintenance,BEARING-01713,DEEP GROOVE BALL BEARING 6205,"{""size"": ""6205"", ""standard"": ""ISO 15""}",bearing,unit_format
cpse-08656,erp,NUT_M10-08656,MATÉRIEL STEEL HEX NUT M10 GRADE B,"{""grade"": ""B"", ""size"": ""M10"", ""standard"": ""ISO 4032""}",nut_m10,multilingual
cpse-07340,catalogue,CABLE-07340,CÂBLE PUISSANCE 4 ÂMES 240 V,"{""size"": ""4 core"", ""voltage"": ""240 V""}",cable,multilingual
cpse-06577,erp,BOLT_B-06577,БОЛТ СТАЛЬ M10 КЛАСС B,"{""grade"": ""B"", ""size"": ""M10"", ""standard"": ""ISO 4014""}",bolt_b,multilingual
cpse-01981,erp,UNRELATED_165-01981,UNRELATED MATERIAL 165 CERAMIC LINER,"{""size"": ""265 mm"", ""standard"": ""CPSE-OTHER""}",unrelated_165,unrelated
cpse-00744,maintenance,MOTOR-00744,INDUCTION MOTOR 5 KW 415 V,"{""size"": ""5 kW"", ""voltage"": ""415 V""}",motor,near_duplicate
cpse-01992,maintenance,MOTOR-01992,MATÉRIEL INDUCTION MOTOR 5 KW 415 V,"{""size"": ""5 kW"", ""voltage"": ""415 V""}",motor,multilingual
cpse-08719,erp,VALVE-08719,VÁLVULA COMPUERTA 50 MM 150 PSI,"{""pressure"": ""150 psi"", ""size"": ""50 mm"", ""standard"": ""API 600""}",valve,multilingual
cpse-07841,catalogue,WASHER-07841,STEEL WASHER M10,"{""size"": ""M10"", ""standard"": ""ISO 7089""}",washer,exact
cpse-00912,maintenance,MOTOR-00912,INDUCTION MOTOR 5 KW 415 V,"{""size"": ""5 kW"", ""voltage"": ""415 V""}",motor,near_duplicate
cpse-03851,catalogue,GASKET-03851,SPIRAL WOUND GASKET DN50,"{""size"": ""DN50"", ""standard"": ""ASME B16.20""}",gasket,exact
cpse-00154,erp,UNRELATED_12-00154,UNRELATED MATERIAL 12 CERAMIC LINER,"{""size"": ""112 mm"", ""standard"": ""CPSE-OTHER""}",unrelated_12,unrelated
cpse-00535,erp,VALVE-00535,GATE VALVE 50 MM 150 PSI,"{""pressure"": ""150 psi"", ""size"": ""50 mm"", ""standard"": ""API 600""}",valve,abbreviation
cpse-09113,catalogue,WASHER-09113,STEEL WASHER M10,"{""size"": ""M10"", ""standard"": ""ISO 7089""}",washer,terminology
cpse-00762,maintenance,PIPE-00762,CARBON STEEL TUBE 50 MM SCH 40,"{""size"": ""50 mm"", ""standard"": ""ASTM A106""}",pipe,terminology
cpse-03357,maintenance,BEARING-03357,MATÉRIEL DEEP GROOVE BALL BEARING 6205,"{""size"": ""6205"", ""standard"": ""ISO 15""}",bearing,multilingual
cpse-02798,catalogue,BOLT_C-02798,STEEL BOLT 10 mm GRADE C,"{""grade"": ""C"", ""size"": ""M10"", ""standard"": ""ISO 4014""}",bolt_c,unit_format
cpse-04157,catalogue,WASHER-04157,STEEL WASHER M10,"{""size"": ""M10"", ""standard"": ""ISO 7089""}",washer,terminology
cpse-00203,catalogue,UNRELATED_16-00203,UNRELATED MATERIAL 16 CERAMIC LINER,"{""size"": ""116 mm"", ""standard"": ""CPSE-OTHER""}",unrelated_16,unrelated
cpse-08843,catalogue,GASKET-08843,SPIRAL WOUND GASKET DN50,"{""size"": ""DN50"", ""standard"": ""ASME B16.20""}",gasket,near_duplicate
cpse-05530,erp,UNRELATED_460-05530,UNRELATED MATERIAL 460 CERAMIC LINER,"{""size"": ""560 mm"", ""standard"": ""CPSE-OTHER""}",unrelated_460,unrelated
cpse-06601,erp,UNRELATED_550-06601,UNRELATED MATERIAL 550 CERAMIC LINER,"{""size"": ""650 mm"", ""standard"": ""CPSE-OTHER""}",unrelated_550,unrelated
cpse-05891,catalogue,GASKET-05891,MATÉRIEL SPIRAL WOUND GASKET DN50,"{""size"": ""DN50"", ""standard"": ""ASME B16.20""}",gasket,multilingual
cpse-04699,erp,VALVE-04699,GATE VALVE 50 MM 150 PSI,"{""pressure"": ""150 psi"", ""size"": ""50 mm"", ""standard"": ""API 600""}",valve,near_duplicate
cpse-07981,erp,BOLT_B-07981,STEEL BOLT M10 GRADE B,"{""grade"": ""B"", ""size"": ""M10"", ""standard"": ""ISO 4014""}",bolt_b,exact
cpse-05782,erp,UNRELATED_481-05782,UNRELATED MATERIAL 481 CERAMIC LINER,"{""size"": ""581 mm"", ""standard"": ""CPSE-OTHER""}",unrelated_481,unrelated
cpse-08781,maintenance,BEARING-08781,DEEP GROOVE BALL BEARING 6205,"{""size"": ""6205"", ""standard"": ""ISO 15""}",bearing,abbreviation
cpse-07447,erp,VALVE-07447,GATE VALVE 50 MM 150 PSI,"{""pressure"": ""150 psi"", ""size"": ""50 mm"", ""standard"": ""API 600""}",valve,terminology
cpse-08869,erp,UNRELATED_739-08869,UNRELATED MATERIAL 739 CERAMIC LINER,"{""size"": ""839 mm"", ""standard"": ""CPSE-OTHER""}",unrelated_739,unrelated
cpse-00410,catalogue,BOLT_C-00410,БОЛТ СТАЛЬ M10 КЛАСС C,"{""grade"": ""C"", ""size"": ""M10"", ""standard"": ""ISO 4014""}",bolt_c,multilingual
cpse-06783,maintenance,UNRELATED_565-06783,UNRELATED MATERIAL 565 CERAMIC LINER,"{""size"": ""665 mm"", ""standard"": ""CPSE-OTHER""}",unrelated_565,unrelated
cpse-03581,catalogue,WASHER-03581,MATÉRIEL STEEL WASHER M10,"{""size"": ""M10"", ""standard"": ""ISO 7089""}",washer,multilingual
cpse-03216,maintenance,MOTOR-03216,INDUCTION MOTOR 5 KW 415 V,"{""size"": ""5 kW"", ""voltage"": ""415 V""}",motor,abbreviation
cpse-05072,catalogue,CABLE-05072,CÂBLE PUISSANCE 4 ÂMES 240 V,"{""size"": ""4 core"", ""voltage"": ""240 V""}",cable,multilingual
cpse-04461,maintenance,BEARING-04461,DEEP GROOVE BALL BEARING 6205,"{""size"": ""6205"", ""standard"": ""ISO 15""}",bearing,near_duplicate
cpse-03664,erp,NUT_M10-03664,STL HEX NUT M10 GR B,"{""grade"": ""B"", ""size"": ""M10"", ""standard"": ""ISO 4032""}",nut_m10,abbreviation
cpse-09801,maintenance,BEARING-09801,DEEP GROOVE BALL BEARING 6205,"{""size"": ""6205"", ""standard"": ""ISO 15""}",bearing,exact
cpse-02656,erp,NUT_M10-02656,STL HEX NUT M10 GR B,"{""grade"": ""B"", ""size"": ""M10"", ""standard"": ""ISO 4032""}",nut_m10,abbreviation
cpse-05331,maintenance,BOLT_M12-05331,MATÉRIEL STEEL BOLT M12 GRADE B,"{""grade"": ""B"", ""size"": ""M12"", ""standard"": ""ISO 4014""}",bolt_m12,multilingual
cpse-00673,erp,BOLT_B-00673,STEEL BOLT M10 GRADE B,"{""grade"": ""B"", ""size"": ""M10"", ""standard"": ""ISO 4014""}",bolt_b,exact
cpse-02404,erp,NUT_M10-02404,STL HEX NUT M10 GR B,"{""grade"": ""B"", ""size"": ""M10"", ""standard"": ""ISO 4032""}",nut_m10,abbreviation
cpse-01843,erp,VALVE-01843,GATE VALVE 50 MM 150 PSI,"{""pressure"": ""150 psi"", ""size"": ""50 mm"", ""standard"": ""API 600""}",valve,near_duplicate
cpse-02544,maintenance,MOTOR-02544,INDUCTION MOTOR 5 KW 415 V,"{""size"": ""5 kW"", ""voltage"": ""415 V""}",motor,abbreviation
cpse-09021,maintenance,BEARING-09021,DEEP GROOVE BALL BEARING 6205,"{""size"": ""6205"", ""standard"": ""ISO 15""}",bearing,unit_format
cpse-02768,catalogue,CABLE-02768,POWER CABLE 4 CORE 240 V,"{""size"": ""4 core"", ""voltage"": ""240 V""}",cable,abbreviation
cpse-05791,erp,VALVE-05791,GATE VALVE 50 MM 150 PSI,"{""pressure"": ""150 psi"", ""size"": ""50 mm"", ""standard"": ""API 600""}",valve,near_duplicate
cpse-00882,maintenance,UNRELATED_73-00882,UNRELATED MATERIAL 73 CERAMIC LINER,"{""size"": ""173 mm"", ""standard"": ""CPSE-OTHER""}",unrelated_73,unrelated
cpse-08309,catalogue,UNRELATED_692-08309,UNRELATED MATERIAL 692 CERAMIC LINER,"{""size"": ""792 mm"", ""standard"": ""CPSE-OTHER""}",unrelated_692,unrelated
cpse-04762,erp,FLANGE-04762,WELD NECK FLANGE DN50 PN16,"{""pressure"": ""PN16"", ""size"": ""DN50"", ""standard"": ""EN 1092""}",flange,near_duplicate
cpse-06742,erp,FLANGE-06742,WELD NECK FLANGE DN50 PN16,"{""pressure"": ""PN16"", ""size"": ""DN50"", ""standard"": ""EN 1092""}",flange,exact
cpse-04440,maintenance,MOTOR-04440,INDUCTION MOTOR 5 KW 415 V,"{""size"": ""5 kW"", ""voltage"": ""415 V""}",motor,near_duplicate
cpse-08776,erp,NUT_M10-08776,STEEL HEX NUT 10 mm GRADE B,"{""grade"": ""B"", ""size"": ""M10"", ""standard"": ""ISO 4032""}",nut_m10,unit_format
cpse-07788,maintenance,MOTOR-07788,MATÉRIEL INDUCTION MOTOR 5 KW 415 V,"{""size"": ""5 kW"", ""voltage"": ""415 V""}",motor,multilingual
cpse-05160,maintenance,MOTOR-05160,INDUCTION MOTOR 5 KW 415 V,"{""size"": ""5 kW"", ""voltage"": ""415 V""}",motor,exact
cpse-06563,catalogue,GASKET-06563,MATÉRIEL SPIRAL WOUND GASKET DN50,"{""size"": ""DN50"", ""standard"": ""ASME B16.20""}",gasket,multilingual
cpse-05937,maintenance,BEARING-05937,DEEP GROOVE BALL BEARING 6205,"{""size"": ""6205"", ""standard"": ""ISO 15""}",bearing,exact
cpse-04375,erp,UNRELATED_364-04375,UNRELATED MATERIAL 364 CERAMIC LINER,"{""size"": ""464 mm"", ""standard"": ""CPSE-OTHER""}",unrelated_364,unrelated
cpse-08755,erp,VALVE-08755,GATE VALVE 50mm 150 PSI,"{""pressure"": ""150 psi"", ""size"": ""50 mm"", ""standard"": ""API 600""}",valve,unit_format
cpse-04690,erp,UNRELATED_390-04690,UNRELATED MATERIAL 390 CERAMIC LINER,"{""size"": ""490 mm"", ""standard"": ""CPSE-OTHER""}",unrelated_390,unrelated
cpse-06529,erp,BOLT_B-06529,STEEL BOLT 10 mm GRADE B,"{""grade"": ""B"", ""size"": ""M10"", ""standard"": ""ISO 4014""}",bolt_b,unit_format
cpse-08941,erp,BOLT_B-08941,CARBON STEEL HEX BOLT M10 GRADE B,"{""grade"": ""B"", ""size"": ""M10"", ""standard"": ""ISO 4014""}",bolt_b,near_duplicate
cpse-02537,catalogue,WASHER-02537,STL WASHER M10,"{""size"": ""M10"", ""standard"": ""ISO 7089""}",washer,abbreviation
cpse-10000,erp,NUT_M10-10000,MATÉRIEL STEEL HEX NUT M10 GRADE B,"{""grade"": ""B"", ""size"": ""M10"", ""standard"": ""ISO 4032""}",nut_m10,multilingual
cpse-04238,catalogue,BOLT_C-04238,STL BLT M10 GR C,"{""grade"": ""C"", ""size"": ""M10"", ""standard"": ""ISO 4014""}",bolt_c,abbreviation
cpse-08704,erp,NUT_M10-08704,STL HEX NUT M10 GR B,"{""grade"": ""B"", ""size"": ""M10"", ""standard"": ""ISO 4032""}",nut_m10,abbreviation
cpse-03642,maintenance,PIPE-03642,CARBON CARBON STEEL PIPE 50 MM SCH 40,"{""size"": ""50 mm"", ""standard"": ""ASTM A106""}",pipe,near_duplicate
cpse-02377,erp,BOLT_B-02377,БОЛТ СТАЛЬ M10 КЛАСС B,"{""grade"": ""B"", ""size"": ""M10"", ""standard"": ""ISO 4014""}",bolt_b,multilingual
cpse-04376,catalogue,CABLE-04376,POWER CABLE 4 CORE 240 V,"{""size"": ""4 core"", ""voltage"": ""240 V""}",cable,exact
cpse-07966,erp,UNRELATED_663-07966,UNRELATED MATERIAL 663 CERAMIC LINER,"{""size"": ""763 mm"", ""standard"": ""CPSE-OTHER""}",unrelated_663,unrelated
cpse-05377,erp,BOLT_B-05377,STEEL BOLT M10 GRADE B,"{""grade"": ""B"", ""size"": ""M10"", ""standard"": ""ISO 4014""}",bolt_b,exact
cpse-06191,catalogue,GASKET-06191,SPIRAL WOUND GASKET DN50,"{""size"": ""DN50"", ""standard"": ""ASME B16.20""}",gasket,abbreviation
cpse-07037,catalogue,WASHER-07037,CARBON STEEL WASHER M10,"{""size"": ""M10"", ""standard"": ""ISO 7089""}",washer,near_duplicate
cpse-01443,maintenance,BOLT_M12-01443,STEEL BOLT M12 GRADE B,"{""grade"": ""B"", ""size"": ""M12"", ""standard"": ""ISO 4014""}",bolt_m12,exact
cpse-05241,maintenance,BEARING-05241,DEEP GROOVE BALL BEARING 6205,"{""size"": ""6205"", ""standard"": ""ISO 15""}",bearing,unit_format
cpse-01579,erp,VALVE-01579,VÁLVULA COMPUERTA 50 MM 150 PSI,"{""pressure"": ""150 psi"", ""size"": ""50 mm"", ""standard"": ""API 600""}",valve,multilingual
cpse-04110,maintenance,PIPE-04110,CARBON STEEL PIPE 50 MM SCH 40,"{""size"": ""50 mm"", ""standard"": ""ASTM A106""}",pipe,exact
cpse-01872,maintenance,MOTOR-01872,INDUCTION MOTOR 5 KW 415 V,"{""size"": ""5 kW"", ""voltage"": ""415 V""}",motor,abbreviation
cpse-07586,catalogue,BOLT_C-07586,STEEL BOLT 10 mm GRADE C,"{""grade"": ""C"", ""size"": ""M10"", ""standard"": ""ISO 4014""}",bolt_c,unit_format
cpse-00518,catalogue,UNRELATED_43-00518,UNRELATED MATERIAL 43 CERAMIC LINER,"{""size"": ""143 mm"", ""standard"": ""CPSE-OTHER""}",unrelated_43,unrelated
cpse-03450,maintenance,PIPE-03450,CARBON STEEL TUBE 50 MM SCH 40,"{""size"": ""50 mm"", ""standard"": ""ASTM A106""}",pipe,terminology
cpse-07774,erp,FLANGE-07774,MATÉRIEL WELD NECK FLANGE DN50 PN16,"{""pressure"": ""PN16"", ""size"": ""DN50"", ""standard"": ""EN 1092""}",flange,multilingual
cpse-04849,erp,BOLT_B-04849,STEEL BOLT 10 mm GRADE B,"{""grade"": ""B"", ""size"": ""M10"", ""standard"": ""ISO 4014""}",bolt_b,unit_format
cpse-09393,maintenance,BEARING-09393,DEEP GROOVE BALL BEARING 6205,"{""size"": ""6205"", ""standard"": ""ISO 15""}",bearing,terminology
cpse-06578,catalogue,BOLT_C-06578,STEEL BOLT 10 mm GRADE C,"{""grade"": ""C"", ""size"": ""M10"", ""standard"": ""ISO 4014""}",bolt_c,unit_format
cpse-06716,catalogue,CABLE-06716,POWER CABLE 4 CORE 240 V,"{""size"": ""4 core"", ""voltage"": ""240 V""}",cable,abbreviation
cpse-02129,catalogue,WASHER-02129,STEEL WASHER M10,"{""size"": ""M10"", ""standard"": ""ISO 7089""}",washer,exact
cpse-00809,catalogue,WASHER-00809,MATÉRIEL STEEL WASHER M10,"{""size"": ""M10"", ""standard"": ""ISO 7089""}",washer,multilingual
cpse-06014,catalogue,BOLT_C-06014,STEEL BOLT M10 GRADE C,"{""grade"": ""C"", ""size"": ""M10"", ""standard"": ""ISO 4014""}",bolt_c,exact
cpse-04713,maintenance,BEARING-04713,DEEP GROOVE BALL BEARING 6205,"{""size"": ""6205"", ""standard"": ""ISO 15""}",bearing,near_duplicate
cpse-07411,erp,VALVE-07411,GATE VALVE 50mm 150 PSI,"{""pressure"": ""150 psi"", ""size"": ""50 mm"", ""standard"": ""API 600""}",valve,unit_format
cpse-01234,erp,FLANGE-01234,WELD NECK FLANGE DN50 PN16,"{""pressure"": ""PN16"", ""size"": ""DN50"", ""standard"": ""EN 1092""}",flange,near_duplicate
cpse-07731,maintenance,BOLT_M12-07731,STL BLT M12 GR B,"{""grade"": ""B"", ""size"": ""M12"", ""standard"": ""ISO 4014""}",bolt_m12,abbreviation
cpse-04095,maintenance,UNRELATED_341-04095,UNRELATED MATERIAL 341 CERAMIC LINER,"{""size"": ""441 mm"", ""standard"": ""CPSE-OTHER""}",unrelated_341,unrelated
cpse-01012,erp,NUT_M10-01012,MATÉRIEL STEEL HEX NUT M10 GRADE B,"{""grade"": ""B"", ""size"": ""M10"", ""standard"": ""ISO 4032""}",nut_m10,multilingual
cpse-01480,erp,NUT_M10-01480,STL HEX NUT M10 GR B,"{""grade"": ""B"", ""size"": ""M10"", ""standard"": ""ISO 4032""}",nut_m10,abbreviation
cpse-04683,maintenance,UNRELATED_390-04683,UNRELATED MATERIAL 390 CERAMIC LINER,"{""size"": ""490 mm"", ""standard"": ""CPSE-OTHER""}",unrelated_390,unrelated
cpse-01099,erp,UNRELATED_91-01099,UNRELATED MATERIAL 91 CERAMIC LINER,"{""size"": ""191 mm"", ""standard"": ""CPSE-OTHER""}",unrelated_91,unrelated
cpse-09248,catalogue,CABLE-09248,POWER CABLE 4 CORE 240 V,"{""size"": ""4 core"", ""voltage"": ""240 V""}",cable,exact
cpse-03910,erp,FLANGE-03910,MATÉRIEL WELD NECK FLANGE DN50 PN16,"{""pressure"": ""PN16"", ""size"": ""DN50"", ""standard"": ""EN 1092""}",flange,multilingual
cpse-01842,maintenance,PIPE-01842,CARBON STEEL PIPE 50 MM SCH 40,"{""size"": ""50 mm"", ""standard"": ""ASTM A106""}",pipe,exact
cpse-07847,catalogue,UNRELATED_653-07847,UNRELATED MATERIAL 653 CERAMIC LINER,"{""size"": ""753 mm"", ""standard"": ""CPSE-OTHER""}",unrelated_653,unrelated
cpse-06359,catalogue,GASKET-06359,SPIRAL WOUND GASKET DN50,"{""size"": ""DN50"", ""standard"": ""ASME B16.20""}",gasket,abbreviation
cpse-02432,catalogue,CABLE-02432,POWER CABLE 4 CORE 240 V,"{""size"": ""4 core"", ""voltage"": ""240 V""}",cable,abbreviation
cpse-04202,catalogue,BOLT_C-04202,CARBON STEEL HEX BOLT M10 GRADE C,"{""grade"": ""C"", ""size"": ""M10"", ""standard"": ""ISO 4014""}",bolt_c,near_duplicate
cpse-07362,maintenance,PIPE-07362,CARBON STEEL PIPE 50mm SCH 40,"{""size"": ""50 mm"", ""standard"": ""ASTM A106""}",pipe,unit_format
cpse-01785,maintenance,UNRELATED_148-01785,UNRELATED MATERIAL 148 CERAMIC LINER,"{""size"": ""248 mm"", ""standard"": ""CPSE-OTHER""}",unrelated_148,unrelated
cpse-07678,erp,FLANGE-07678,WELD NECK FLANGE DN50 PN16,"{""pressure"": ""PN16"", ""size"": ""DN50"", ""standard"": ""EN 1092""}",flange,terminology
cpse-06200,catalogue,CABLE-06200,POWER CABLE 4 CORE 240VAC,"{""size"": ""4 core"", ""voltage"": ""240 V""}",cable,unit_format
cpse-02786,catalogue,UNRELATED_232-02786,UNRELATED MATERIAL 232 CERAMIC LINER,"{""size"": ""332 mm"", ""standard"": ""CPSE-OTHER""}",unrelated_232,unrelated
cpse-06279,maintenance,UNRELATED_523-06279,UNRELATED MATERIAL 523 CERAMIC LINER,"{""size"": ""623 mm"", ""standard"": ""CPSE-OTHER""}",unrelated_523,unrelated
cpse-05978,catalogue,UNRELATED_498-05978,UNRELATED MATERIAL 498 CERAMIC LINER,"{""size"": ""598 mm"", ""standard"": ""CPSE-OTHER""}",unrelated_498,unrelated
cpse-03570,maintenance,UNRELATED_297-03570,UNRELATED MATERIAL 297 CERAMIC LINER,"{""size"": ""397 mm"", ""standard"": ""CPSE-OTHER""}",unrelated_297,unrelated
cpse-04695,maintenance,BOLT_M12-04695,STEEL BOLT M12 GRADE B,"{""grade"": ""B"", ""size"": ""M12"", ""standard"": ""ISO 4014""}",bolt_m12,unit_format
cpse-05004,maintenance,MOTOR-05004,INDUCTION MOTOR 5 KW 415 V,"{""size"": ""5 kW"", ""voltage"": ""415 V""}",motor,terminology
cpse-01414,erp,UNRELATED_117-01414,UNRELATED MATERIAL 117 CERAMIC LINER,"{""size"": ""217 mm"", ""standard"": ""CPSE-OTHER""}",unrelated_117,unrelated
cpse-07394,catalogue,BOLT_C-07394,CARBON STEEL HEX BOLT M10 GRADE C,"{""grade"": ""C"", ""size"": ""M10"", ""standard"": ""ISO 4014""}",bolt_c,near_duplicate
cpse-08224,erp,NUT_M10-08224,STEEL HEX NUT M10 GRADE B,"{""grade"": ""B"", ""size"": ""M10"", ""standard"": ""ISO 4032""}",nut_m10,terminology
cpse-01018,erp,FLANGE-01018,WELD NECK FLANGE DN50 PN16,"{""pressure"": ""PN16"", ""size"": ""DN50"", ""standard"": ""EN 1092""}",flange,abbreviation
cpse-07596,maintenance,MOTOR-07596,INDUCTION MOTOR 5 KW 415 V,"{""size"": ""5 kW"", ""voltage"": ""415 V""}",motor,exact
cpse-03536,catalogue,CABLE-03536,POWER CABLE 4 CORE 240 V,"{""size"": ""4 core"", ""voltage"": ""240 V""}",cable,exact
cpse-05088,maintenance,MOTOR-05088,INDUCTION MOTOR 5 KW 415 V,"{""size"": ""5 kW"", ""voltage"": ""415 V""}",motor,terminology
cpse-00792,maintenance,MOTOR-00792,INDUCTION MOTOR 5 KW 415 V,"{""size"": ""5 kW"", ""voltage"": ""415 V""}",motor,exact
cpse-09214,erp,FLANGE-09214,WELD NECK FLANGE DN50 PN16,"{""pressure"": ""PN16"", ""size"": ""DN50"", ""standard"": ""EN 1092""}",flange,near_duplicate
cpse-08028,maintenance,MOTOR-08028,INDUCTION MOTOR 5 KW 415 V,"{""size"": ""5 kW"", ""voltage"": ""415 V""}",motor,terminology
cpse-03758,catalogue,BOLT_C-03758,STEEL FASTENER M10 GRADE C,"{""grade"": ""C"", ""size"": ""M10"", ""standard"": ""ISO 4014""}",bolt_c,terminology
cpse-01985,catalogue,WASHER-01985,MATÉRIEL STEEL WASHER M10,"{""size"": ""M10"", ""standard"": ""ISO 7089""}",washer,multilingual
cpse-01516,erp,NUT_M10-01516,MATÉRIEL STEEL HEX NUT M10 GRADE B,"{""grade"": ""B"", ""size"": ""M10"", ""standard"": ""ISO 4032""}",nut_m10,multilingual
cpse-04326,maintenance,UNRELATED_360-04326,UNRELATED MATERIAL 360 CERAMIC LINER,"{""size"": ""460 mm"", ""standard"": ""CPSE-OTHER""}",unrelated_360,unrelated
cpse-09103,erp,VALVE-09103,GATE VALVE 50 MM 150 PSI,"{""pressure"": ""150 psi"", ""size"": ""50 mm"", ""standard"": ""API 600""}",valve,abbreviation
cpse-01097,catalogue,WASHER-01097,STEEL WASHER 10 mm,"{""size"": ""M10"", ""standard"": ""ISO 7089""}",washer,unit_format
cpse-08317,erp,BOLT_B-08317,STEEL BOLT M10 GRADE B,"{""grade"": ""B"", ""size"": ""M10"", ""standard"": ""ISO 4014""}",bolt_b,exact
cpse-03678,maintenance,PIPE-03678,CARBON STL PIPE 50 MM SCH 40,"{""size"": ""50 mm"", ""standard"": ""ASTM A106""}",pipe,abbreviation
cpse-00046,erp,FLANGE-00046,MATÉRIEL WELD NECK FLANGE DN50 PN16,"{""pressure"": ""PN16"", ""size"": ""DN50"", ""standard"": ""EN 1092""}",flange,multilingual
cpse-01450,erp,FLANGE-01450,WELD NECK FLANGE DN50 PN16,"{""pressure"": ""PN16"", ""size"": ""DN50"", ""standard"": ""EN 1092""}",flange,exact
cpse-08638,erp,UNRELATED_719-08638,UNRELATED MATERIAL 719 CERAMIC LINER,"{""size"": ""819 mm"", ""standard"": ""CPSE-OTHER""}",unrelated_719,unrelated
cpse-05029,erp,BOLT_B-05029,STL BLT M10 GR B,"{""grade"": ""B"", ""size"": ""M10"", ""standard"": ""ISO 4014""}",bolt_b,abbreviation
cpse-04417,erp,UNRELATED_368-04417,UNRELATED MATERIAL 368 CERAMIC LINER,"{""size"": ""468 mm"", ""standard"": ""CPSE-OTHER""}",unrelated_368,unrelated
cpse-00825,maintenance,BEARING-00825,DEEP GROOVE BALL BEARING 6205,"{""size"": ""6205"", ""standard"": ""ISO 15""}",bearing,terminology
cpse-04802,catalogue,UNRELATED_400-04802,UNRELATED MATERIAL 400 CERAMIC LINER,"{""size"": ""500 mm"", ""standard"": ""CPSE-OTHER""}",unrelated_400,unrelated
cpse-06647,catalogue,GASKET-06647,MATÉRIEL SPIRAL WOUND GASKET DN50,"{""size"": ""DN50"", ""standard"": ""ASME B16.20""}",gasket,multilingual
cpse-06116,catalogue,CABLE-06116,POWER CABLE 4 CORE 240VAC,"{""size"": ""4 core"", ""voltage"": ""240 V""}",cable,unit_format
cpse-07075,erp,VALVE-07075,GATE VALVE 50mm 150 PSI,"{""pressure"": ""150 psi"", ""size"": ""50 mm"", ""standard"": ""API 600""}",valve,unit_format
cpse-00975,maintenance,BOLT_M12-00975,CARBON STEEL HEX BOLT M12 GRADE B,"{""grade"": ""B"", ""size"": ""M12"", ""standard"": ""ISO 4014""}",bolt_m12,near_duplicate
cpse-00640,erp,NUT_M10-00640,STL HEX NUT M10 GR B,"{""grade"": ""B"", ""size"": ""M10"", ""standard"": ""ISO 4032""}",nut_m10,abbreviation
cpse-03128,catalogue,CABLE-03128,POWER CABLE 4 CORE 240 V,"{""size"": ""4 core"", ""voltage"": ""240 V""}",cable,terminology
cpse-07283,catalogue,GASKET-07283,SPIRAL WOUND GASKET DN50,"{""size"": ""DN50"", ""standard"": ""ASME B16.20""}",gasket,abbreviation
cpse-03350,catalogue,BOLT_C-03350,БОЛТ СТАЛЬ M10 КЛАСС C,"{""grade"": ""C"", ""size"": ""M10"", ""standard"": ""ISO 4014""}",bolt_c,multilingual
cpse-00457,erp,BOLT_B-00457,CARBON STEEL HEX BOLT M10 GRADE B,"{""grade"": ""B"", ""size"": ""M10"", ""standard"": ""ISO 4014""}",bolt_b,near_duplicate
cpse-07746,maintenance,PIPE-07746,TUBO ACERO CARBONO 50 MM SCH 40,"{""size"": ""50 mm"", ""standard"": ""ASTM A106""}",pipe,multilingual
cpse-03914,catalogue,BOLT_C-03914,STEEL BOLT M10 GRADE C,"{""grade"": ""C"", ""size"": ""M10"", ""standard"": ""ISO 4014""}",bolt_c,exact
cpse-03526,erp,FLANGE-03526,WELD NECK FLANGE DN50 PN16,"{""pressure"": ""PN16"", ""size"": ""DN50"", ""standard"": ""EN 1092""}",flange,unit_format
cpse-02810,catalogue,BOLT_C-02810,STL BLT M10 GR C,"{""grade"": ""C"", ""size"": ""M10"", ""standard"": ""ISO 4014""}",bolt_c,abbreviation
cpse-06627,maintenance,BOLT_M12-06627,STEEL BOLT M12 GRADE B,"{""grade"": ""B"", ""size"": ""M12"", ""standard"": ""ISO 4014""}",bolt_m12,unit_format
cpse-05787,maintenance,BOLT_M12-05787,STEEL BOLT M12 GRADE B,"{""grade"": ""B"", ""size"": ""M12"", ""standard"": ""ISO 4014""}",bolt_m12,unit_format
cpse-01243,erp,VALVE-01243,VÁLVULA COMPUERTA 50 MM 150 PSI,"{""pressure"": ""150 psi"", ""size"": ""50 mm"", ""standard"": ""API 600""}",valve,multilingual
cpse-00800,catalogue,CABLE-00800,POWER CABLE 4 CORE 240 V,"{""size"": ""4 core"", ""voltage"": ""240 V""}",cable,near_duplicate
cpse-05506,erp,FLANGE-05506,MATÉRIEL WELD NECK FLANGE DN50 PN16,"{""pressure"": ""PN16"", ""size"": ""DN50"", ""standard"": ""EN 1092""}",flange,multilingual
cpse-01753,erp,BOLT_B-01753,STL BLT M10 GR B,"{""grade"": ""B"", ""size"": ""M10"", ""standard"": ""ISO 4014""}",bolt_b,abbreviation
cpse-01115,catalogue,GASKET-01115,SPIRAL WOUND GASKET DN50,"{""size"": ""DN50"", ""standard"": ""ASME B16.20""}",gasket,near_duplicate
cpse-02246,catalogue,BOLT_C-02246,STEEL FASTENER M10 GRADE C,"{""grade"": ""C"", ""size"": ""M10"", ""standard"": ""ISO 4014""}",bolt_c,terminology
cpse-05228,catalogue,CABLE-05228,POWER CABLE 4 CORE 240 V,"{""size"": ""4 core"", ""voltage"": ""240 V""}",cable,terminology
cpse-00781,erp,BOLT_B-00781,БОЛТ СТАЛЬ M10 КЛАСС B,"{""grade"": ""B"", ""size"": ""M10"", ""standard"": ""ISO 4014""}",bolt_b,multilingual
cpse-04509,maintenance,BEARING-04509,DEEP GROOVE BALL BEARING 6205,"{""size"": ""6205"", ""standard"": ""ISO 15""}",bearing,exact
cpse-06954,maintenance,PIPE-06954,CARBON STL PIPE 50 MM SCH 40,"{""size"": ""50 mm"", ""standard"": ""ASTM A106""}",pipe,abbreviation
cpse-05302,erp,FLANGE-05302,WELD NECK FLANGE DN50 PN16,"{""pressure"": ""PN16"", ""size"": ""DN50"", ""standard"": ""EN 1092""}",flange,abbreviation
cpse-02941,erp,BOLT_B-02941,STEEL BOLT M10 GRADE B,"{""grade"": ""B"", ""size"": ""M10"", ""standard"": ""ISO 4014""}",bolt_b,exact
cpse-01342,erp,FLANGE-01342,WELD NECK FLANGE DN50 PN16,"{""pressure"": ""PN16"", ""size"": ""DN50"", ""standard"": ""EN 1092""}",flange,unit_format
cpse-05454,maintenance,PIPE-05454,CARBON STEEL PIPE 50 MM SCH 40,"{""size"": ""50 mm"", ""standard"": ""ASTM A106""}",pipe,exact
cpse-04297,erp,BOLT_B-04297,STEEL FASTENER M10 GRADE B,"{""grade"": ""B"", ""size"": ""M10"", ""standard"": ""ISO 4014""}",bolt_b,terminology
cpse-07587,maintenance,BOLT_M12-07587,STEEL FASTENER M12 GRADE B,"{""grade"": ""B"", ""size"": ""M12"", ""standard"": ""ISO 4014""}",bolt_m12,terminology
cpse-01549,erp,BOLT_B-01549,CARBON STEEL HEX BOLT M10 GRADE B,"{""grade"": ""B"", ""size"": ""M10"", ""standard"": ""ISO 4014""}",bolt_b,near_duplicate
cpse-06925,erp,BOLT_B-06925,CARBON STEEL HEX BOLT M10 GRADE B,"{""grade"": ""B"", ""size"": ""M10"", ""standard"": ""ISO 4014""}",bolt_b,near_duplicate
cpse-07697,catalogue,WASHER-07697,MATÉRIEL STEEL WASHER M10,"{""size"": ""M10"", ""standard"": ""ISO 7089""}",washer,multilingual
cpse-08202,maintenance,PIPE-08202,CARBON STEEL PIPE 50mm SCH 40,"{""size"": ""50 mm"", ""standard"": ""ASTM A106""}",pipe,unit_format
cpse-06844,erp,NUT_M10-06844,STEEL HEX NUT 10 mm GRADE B,"{""grade"": ""B"", ""size"": ""M10"", ""standard"": ""ISO 4032""}",nut_m10,unit_format
cpse-06059,catalogue,GASKET-06059,MATÉRIEL SPIRAL WOUND GASKET DN50,"{""size"": ""DN50"", ""standard"": ""ASME B16.20""}",gasket,multilingual
cpse-00916,erp,NUT_M10-00916,STEEL HEX NUT M10 GRADE B,"{""grade"": ""B"", ""size"": ""M10"", ""standard"": ""ISO 4032""}",nut_m10,terminology
cpse-06846,maintenance,UNRELATED_570-06846,UNRELATED MATERIAL 570 CERAMIC LINER,"{""size"": ""670 mm"", ""standard"": ""CPSE-OTHER""}",unrelated_570,unrelated
cpse-06587,catalogue,UNRELATED_548-06587,UNRELATED MATERIAL 548 CERAMIC LINER,"{""size"": ""648 mm"", ""standard"": ""CPSE-OTHER""}",unrelated_548,unrelated
cpse-08096,catalogue,CABLE-08096,CÂBLE PUISSANCE 4 ÂMES 240 V,"{""size"": ""4 core"", ""voltage"": ""240 V""}",cable,multilingual
cpse-06766,erp,FLANGE-06766,MATÉRIEL WELD NECK FLANGE DN50 PN16,"{""pressure"": ""PN16"", ""size"": ""DN50"", ""standard"": ""EN 1092""}",flange,multilingual
cpse-03386,catalogue,BOLT_C-03386,STEEL BOLT 10 mm GRADE C,"{""grade"": ""C"", ""size"": ""M10"", ""standard"": ""ISO 4014""}",bolt_c,unit_format
cpse-03221,catalogue,WASHER-03221,STEEL WASHER M10,"{""size"": ""M10"", ""standard"": ""ISO 7089""}",washer,exact
cpse-02654,catalogue,BOLT_C-02654,STEEL BOLT M10 GRADE C,"{""grade"": ""C"", ""size"": ""M10"", ""standard"": ""ISO 4014""}",bolt_c,exact
cpse-08745,maintenance,BEARING-08745,DEEP GROOVE BALL BEARING 6205,"{""size"": ""6205"", ""standard"": ""ISO 15""}",bearing,near_duplicate
cpse-07211,catalogue,GASKET-07211,SPIRAL WOUND GASKET DN50,"{""size"": ""DN50"", ""standard"": ""ASME B16.20""}",gasket,exact
cpse-00488,catalogue,CABLE-00488,POWER CABLE 4 CORE 240VAC,"{""size"": ""4 core"", ""voltage"": ""240 V""}",cable,unit_format
cpse-02723,catalogue,UNRELATED_226-02723,UNRELATED MATERIAL 226 CERAMIC LINER,"{""size"": ""326 mm"", ""standard"": ""CPSE-OTHER""}",unrelated_226,unrelated
cpse-01698,maintenance,PIPE-01698,TUBO ACERO CARBONO 50 MM SCH 40,"{""size"": ""50 mm"", ""standard"": ""ASTM A106""}",pipe,multilingual
cpse-00221,catalogue,WASHER-00221,MATÉRIEL STEEL WASHER M10,"{""size"": ""M10"", ""standard"": ""ISO 7089""}",washer,multilingual
cpse-09454,erp,FLANGE-09454,MATÉRIEL WELD NECK FLANGE DN50 PN16,"{""pressure"": ""PN16"", ""size"": ""DN50"", ""standard"": ""EN 1092""}",flange,multilingual
cpse-01994,catalogue,BOLT_C-01994,STEEL FASTENER M10 GRADE C,"{""grade"": ""C"", ""size"": ""M10"", ""standard"": ""ISO 4014""}",bolt_c,terminology
cpse-01978,erp,FLANGE-01978,MATÉRIEL WELD NECK FLANGE DN50 PN16,"{""pressure"": ""PN16"", ""size"": ""DN50"", ""standard"": ""EN 1092""}",flange,multilingual
cpse-01945,erp,BOLT_B-01945,STEEL FASTENER M10 GRADE B,"{""grade"": ""B"", ""size"": ""M10"", ""standard"": ""ISO 4014""}",bolt_b,terminology
cpse-00040,erp,NUT_M10-00040,STEEL HEX NUT 10 mm GRADE B,"{""grade"": ""B"", ""size"": ""M10"", ""standard"": ""ISO 4032""}",nut_m10,unit_format
cpse-03950,catalogue,BOLT_C-03950,CARBON STEEL HEX BOLT M10 GRADE C,"{""grade"": ""C"", ""size"": ""M10"", ""standard"": ""ISO 4014""}",bolt_c,near_duplicate
cpse-03783,maintenance,BOLT_M12-03783,STL BLT M12 GR B,"{""grade"": ""B"", ""size"": ""M12"", ""standard"": ""ISO 4014""}",bolt_m12,abbreviation
cpse-04060,erp,UNRELATED_338-04060,UNRELATED MATERIAL 338 CERAMIC LINER,"{""size"": ""438 mm"", ""standard"": ""CPSE-OTHER""}",unrelated_338,unrelated
cpse-06505,erp,BOLT_B-06505,CARBON STEEL HEX BOLT M10 GRADE B,"{""grade"": ""B"", ""size"": ""M10"", ""standard"": ""ISO 4014""}",bolt_b,near_duplicate
cpse-05550,maintenance,PIPE-05550,CARBON STEEL TUBE 50 MM SCH 40,"{""size"": ""50 mm"", ""standard"": ""ASTM A106""}",pipe,terminology
cpse-01739,catalogue,GASKET-01739,SPIRAL WOUND GASKET DN50,"{""size"": ""DN50"", ""standard"": ""ASME B16.20""}",gasket,abbreviation
cpse-03166,erp,FLANGE-03166,WELD NECK FLANGE DN50 PN16,"{""pressure"": ""PN16"", ""size"": ""DN50"", ""standard"": ""EN 1092""}",flange,near_duplicate
cpse-04469,catalogue,WASHER-04469,STL WASHER M10,"{""size"": ""M10"", ""standard"": ""ISO 7089""}",washer,abbreviation
cpse-00226,erp,FLANGE-00226,WELD NECK FLANGE DN50 PN16,"{""pressure"": ""PN16"", ""size"": ""DN50"", ""standard"": ""EN 1092""}",flange,near_duplicate
cpse-04716,maintenance,MOTOR-04716,INDUCTION MOTOR 5 KW 415 V,"{""size"": ""5 kW"", ""voltage"": ""415 V""}",motor,unit_format
cpse-09447,maintenance,BOLT_M12-09447,MATÉRIEL STEEL BOLT M12 GRADE B,"{""grade"": ""B"", ""size"": ""M12"", ""standard"": ""ISO 4014""}",bolt_m12,multilingual
cpse-02982,maintenance,UNRELATED_248-02982,UNRELATED MATERIAL 248 CERAMIC LINER,"{""size"": ""348 mm"", ""standard"": ""CPSE-OTHER""}",unrelated_248,unrelated
cpse-00374,catalogue,BOLT_C-00374,STL BLT M10 GR C,"{""grade"": ""C"", ""size"": ""M10"", ""standard"": ""ISO 4014""}",bolt_c,abbreviation
cpse-03083,catalogue,GASKET-03083,SPIRAL WOUND GASKET DN50,"{""size"": ""DN50"", ""standard"": ""ASME B16.20""}",gasket,abbreviation
cpse-09500,catalogue,CABLE-09500,POWER CABLE 4 CORE 240 V,"{""size"": ""4 core"", ""voltage"": ""240 V""}",cable,exact
cpse-02763,maintenance,BOLT_M12-02763,STEEL BOLT M12 GRADE B,"{""grade"": ""B"", ""size"": ""M12"", ""standard"": ""ISO 4014""}",bolt_m12,unit_format
cpse-06733,erp,BOLT_B-06733,STEEL FASTENER M10 GRADE B,"{""grade"": ""B"", ""size"": ""M10"", ""standard"": ""ISO 4014""}",bolt_b,terminology
cpse-02252,catalogue,CABLE-02252,POWER CABLE 4 CORE 240VAC,"{""size"": ""4 core"", ""voltage"": ""240 V""}",cable,unit_format
cpse-00798,maintenance,UNRELATED_66-00798,UNRELATED MATERIAL 66 CERAMIC LINER,"{""size"": ""166 mm"", ""standard"": ""CPSE-OTHER""}",unrelated_66,unrelated
cpse-05907,maintenance,BOLT_M12-05907,STEEL FASTENER M12 GRADE B,"{""grade"": ""B"", ""size"": ""M12"", ""standard"": ""ISO 4014""}",bolt_m12,terminology
cpse-05722,erp,FLANGE-05722,WELD NECK FLANGE DN50 PN16,"{""pressure"": ""PN16"", ""size"": ""DN50"", ""standard"": ""EN 1092""}",flange,abbreviation
cpse-08225,catalogue,UNRELATED_685-08225,UNRELATED MATERIAL 685 CERAMIC LINER,"{""size"": ""785 mm"", ""standard"": ""CPSE-OTHER""}",unrelated_685,unrelated
cpse-01140,maintenance,MOTOR-01140,INDUCTION MOTOR 5 KW 415 V,"{""size"": ""5 kW"", ""voltage"": ""415 V""}",motor,terminology
cpse-09462,maintenance,PIPE-09462,CARBON STEEL PIPE 50mm SCH 40,"{""size"": ""50 mm"", ""standard"": ""ASTM A106""}",pipe,unit_format
cpse-04430,catalogue,BOLT_C-04430,STEEL FASTENER M10 GRADE C,"{""grade"": ""C"", ""size"": ""M10"", ""standard"": ""ISO 4014""}",bolt_c,terminology
cpse-07987,erp,UNRELATED_665-07987,UNRELATED MATERIAL 665 CERAMIC LINER,"{""size"": ""765 mm"", ""standard"": ""CPSE-OTHER""}",unrelated_665,unrelated
cpse-09185,catalogue,WASHER-09185,STEEL WASHER M10,"{""size"": ""M10"", ""standard"": ""ISO 7089""}",washer,exact
cpse-01543,erp,VALVE-01543,GATE VALVE 50 MM 150 PSI,"{""pressure"": ""150 psi"", ""size"": ""50 mm"", ""standard"": ""API 600""}",valve,abbreviation
cpse-00959,catalogue,UNRELATED_79-00959,UNRELATED MATERIAL 79 CERAMIC LINER,"{""size"": ""179 mm"", ""standard"": ""CPSE-OTHER""}",unrelated_79,unrelated
cpse-00305,catalogue,WASHER-00305,MATÉRIEL STEEL WASHER M10,"{""size"": ""M10"", ""standard"": ""ISO 7089""}",washer,multilingual
cpse-00957,maintenance,BEARING-00957,DEEP GROOVE BALL BEARING 6205,"{""size"": ""6205"", ""standard"": ""ISO 15""}",bearing,unit_format
cpse-00476,catalogue,UNRELATED_39-00476,UNRELATED MATERIAL 39 CERAMIC LINER,"{""size"": ""139 mm"", ""standard"": ""CPSE-OTHER""}",unrelated_39,unrelated
cpse-05132,catalogue,CABLE-05132,POWER CABLE 4 CORE 240 V,"{""size"": ""4 core"", ""voltage"": ""240 V""}",cable,exact
cpse-09746,catalogue,BOLT_C-09746,CARBON STEEL HEX BOLT M10 GRADE C,"{""grade"": ""C"", ""size"": ""M10"", ""standard"": ""ISO 4014""}",bolt_c,near_duplicate
cpse-00734,catalogue,BOLT_C-00734,STEEL FASTENER M10 GRADE C,"{""grade"": ""C"", ""size"": ""M10"", ""standard"": ""ISO 4014""}",bolt_c,terminology
cpse-01316,catalogue,UNRELATED_109-01316,UNRELATED MATERIAL 109 CERAMIC LINER,"{""size"": ""209 mm"", ""standard"": ""CPSE-OTHER""}",unrelated_109,unrelated
cpse-00321,maintenance,BEARING-00321,DEEP GROOVE BALL BEARING 6205,"{""size"": ""6205"", ""standard"": ""ISO 15""}",bearing,terminology
cpse-01696,erp,NUT_M10-01696,CARBON STEEL HEX NUT M10 GRADE B,"{""grade"": ""B"", ""size"": ""M10"", ""standard"": ""ISO 4032""}",nut_m10,near_duplicate
cpse-05563,erp,VALVE-05563,GATE VALVE 50mm 150 PSI,"{""pressure"": ""150 psi"", ""size"": ""50 mm"", ""standard"": ""API 600""}",valve,unit_format
cpse-01918,erp,UNRELATED_159-01918,UNRELATED MATERIAL 159 CERAMIC LINER,"{""size"": ""259 mm"", ""standard"": ""CPSE-OTHER""}",unrelated_159,unrelated
cpse-00193,erp,BOLT_B-00193,БОЛТ СТАЛЬ M10 КЛАСС B,"{""grade"": ""B"", ""size"": ""M10"", ""standard"": ""ISO 4014""}",bolt_b,multilingual
cpse-08839,erp,VALVE-08839,GATE VALVE 50mm 150 PSI,"{""pressure"": ""150 psi"", ""size"": ""50 mm"", ""standard"": ""API 600""}",valve,unit_format
cpse-05925,maintenance,BEARING-05925,DEEP GROOVE BALL BEARING 6205,"{""size"": ""6205"", ""standard"": ""ISO 15""}",bearing,abbreviation
cpse-06805,erp,BOLT_B-06805,STEEL BOLT M10 GRADE B,"{""grade"": ""B"", ""size"": ""M10"", ""standard"": ""ISO 4014""}",bolt_b,exact
cpse-06406,erp,FLANGE-06406,WELD NECK FLANGE DN50 PN16,"{""pressure"": ""PN16"", ""size"": ""DN50"", ""standard"": ""EN 1092""}",flange,exact
cpse-04848,maintenance,MOTOR-04848,MATÉRIEL INDUCTION MOTOR 5 KW 415 V,"{""size"": ""5 kW"", ""voltage"": ""415 V""}",motor,multilingual
cpse-00531,maintenance,BOLT_M12-00531,STEEL FASTENER M12 GRADE B,"{""grade"": ""B"", ""size"": ""M12"", ""standard"": ""ISO 4014""}",bolt_m12,terminology
cpse-07260,maintenance,MOTOR-07260,INDUCTION MOTOR 5 KW 415 V,"{""size"": ""5 kW"", ""voltage"": ""415 V""}",motor,exact
cpse-00902,catalogue,BOLT_C-00902,STEEL FASTENER M10 GRADE C,"{""grade"": ""C"", ""size"": ""M10"", ""standard"": ""ISO 4014""}",bolt_c,terminology
cpse-00551,catalogue,GASKET-00551,SPIRAL WOUND GASKET DN50,"{""size"": ""DN50"", ""standard"": ""ASME B16.20""}",gasket,unit_format
cpse-02591,catalogue,GASKET-02591,SPIRAL WOUND GASKET DN50,"{""size"": ""DN50"", ""standard"": ""ASME B16.20""}",gasket,exact
cpse-07630,erp,UNRELATED_635-07630,UNRELATED MATERIAL 635 CERAMIC LINER,"{""size"": ""735 mm"", ""standard"": ""CPSE-OTHER""}",unrelated_635,unrelated
cpse-06400,erp,NUT_M10-06400,CARBON STEEL HEX NUT M10 GRADE B,"{""grade"": ""B"", ""size"": ""M10"", ""standard"": ""ISO 4032""}",nut_m10,near_duplicate
cpse-09440,catalogue,CABLE-09440,CÂBLE PUISSANCE 4 ÂMES 240 V,"{""size"": ""4 core"", ""voltage"": ""240 V""}",cable,multilingual
cpse-01030,erp,FLANGE-01030,WELD NECK FLANGE DN50 PN16,"{""pressure"": ""PN16"", ""size"": ""DN50"", ""standard"": ""EN 1092""}",flange,exact
cpse-04780,erp,NUT_M10-04780,STEEL HEX NUT M10 GRADE B,"{""grade"": ""B"", ""size"": ""M10"", ""standard"": ""ISO 4032""}",nut_m10,terminology
cpse-05130,maintenance,PIPE-05130,CARBON STEEL TUBE 50 MM SCH 40,"{""size"": ""50 mm"", ""standard"": ""ASTM A106""}",pipe,terminology
cpse-09840,maintenance,MOTOR-09840,INDUCTION MOTOR 5 KW 415 V,"{""size"": ""5 kW"", ""voltage"": ""415 V""}",motor,unit_format
cpse-07739,catalogue,GASKET-07739,MATÉRIEL SPIRAL WOUND GASKET DN50,"{""size"": ""DN50"", ""standard"": ""ASME B16.20""}",gasket,multilingual
cpse-00411,maintenance,BOLT_M12-00411,STEEL BOLT M12 GRADE B,"{""grade"": ""B"", ""size"": ""M12"", ""standard"": ""ISO 4014""}",bolt_m12,unit_format
cpse-05579,catalogue,UNRELATED_464-05579,UNRELATED MATERIAL 464 CERAMIC LINER,"{""size"": ""564 mm"", ""standard"": ""CPSE-OTHER""}",unrelated_464,unrelated
cpse-09157,erp,BOLT_B-09157,STEEL BOLT M10 GRADE B,"{""grade"": ""B"", ""size"": ""M10"", ""standard"": ""ISO 4014""}",bolt_b,exact
cpse-02813,catalogue,WASHER-02813,STEEL WASHER M10,"{""size"": ""M10"", ""standard"": ""ISO 7089""}",washer,terminology
cpse-06536,catalogue,CABLE-06536,POWER CABLE 4 CORE 240VAC,"{""size"": ""4 core"", ""voltage"": ""240 V""}",cable,unit_format
cpse-03764,catalogue,CABLE-03764,POWER CABLE 4 CORE 240VAC,"{""size"": ""4 core"", ""voltage"": ""240 V""}",cable,unit_format
cpse-00910,erp,UNRELATED_75-00910,UNRELATED MATERIAL 75 CERAMIC LINER,"{""size"": ""175 mm"", ""standard"": ""CPSE-OTHER""}",unrelated_75,unrelated
cpse-04513,erp,BOLT_B-04513,STEEL BOLT 10 mm GRADE B,"{""grade"": ""B"", ""size"": ""M10"", ""standard"": ""ISO 4014""}",bolt_b,unit_format
cpse-04739,catalogue,UNRELATED_394-04739,UNRELATED MATERIAL 394 CERAMIC LINER,"{""size"": ""494 mm"", ""standard"": ""CPSE-OTHER""}",unrelated_394,unrelated
cpse-02983,erp,VALVE-02983,GATE VALVE 50 MM 150 PSI,"{""pressure"": ""150 psi"", ""size"": ""50 mm"", ""standard"": ""API 600""}",valve,exact
cpse-05523,maintenance,UNRELATED_460-05523,UNRELATED MATERIAL 460 CERAMIC LINER,"{""size"": ""560 mm"", ""standard"": ""CPSE-OTHER""}",unrelated_460,unrelated
cpse-01584,maintenance,MOTOR-01584,INDUCTION MOTOR 5 KW 415 V,"{""size"": ""5 kW"", ""voltage"": ""415 V""}",motor,near_duplicate
cpse-07855,erp,VALVE-07855,GATE VALVE 50 MM 150 PSI,"{""pressure"": ""150 psi"", ""size"": ""50 mm"", ""standard"": ""API 600""}",valve,exact
cpse-05706,maintenance,PIPE-05706,CARBON STEEL PIPE 50 MM SCH 40,"{""size"": ""50 mm"", ""standard"": ""ASTM A106""}",pipe,exact
cpse-07491,maintenance,BOLT_M12-07491,STEEL BOLT M12 GRADE B,"{""grade"": ""B"", ""size"": ""M12"", ""standard"": ""ISO 4014""}",bolt_m12,exact
cpse-09940,erp,UNRELATED_828-09940,UNRELATED MATERIAL 828 CERAMIC LINER,"{""size"": ""928 mm"", ""standard"": ""CPSE-OTHER""}",unrelated_828,unrelated
cpse-06327,maintenance,BOLT_M12-06327,STEEL FASTENER M12 GRADE B,"{""grade"": ""B"", ""size"": ""M12"", ""standard"": ""ISO 4014""}",bolt_m12,terminology
cpse-00713,catalogue,WASHER-00713,STEEL WASHER M10,"{""size"": ""M10"", ""standard"": ""ISO 7089""}",washer,terminology
cpse-05245,erp,BOLT_B-05245,CARBON STEEL HEX BOLT M10 GRADE B,"{""grade"": ""B"", ""size"": ""M10"", ""standard"": ""ISO 4014""}",bolt_b,near_duplicate
cpse-02132,catalogue,CABLE-02132,CÂBLE PUISSANCE 4 ÂMES 240 V,"{""size"": ""4 core"", ""voltage"": ""240 V""}",cable,multilingual
cpse-07574,catalogue,UNRELATED_631-07574,UNRELATED MATERIAL 631 CERAMIC LINER,"{""size"": ""731 mm"", ""standard"": ""CPSE-OTHER""}",unrelated_631,unrelated
cpse-00703,erp,VALVE-00703,GATE VALVE 50 MM 150 PSI,"{""pressure"": ""150 psi"", ""size"": ""50 mm"", ""standard"": ""API 600""}",valve,abbreviation
cpse-04897,erp,BOLT_B-04897,БОЛТ СТАЛЬ M10 КЛАСС B,"{""grade"": ""B"", ""size"": ""M10"", ""standard"": ""ISO 4014""}",bolt_b,multilingual
cpse-06264,maintenance,MOTOR-06264,INDUCTION MOTOR 5 KW 415 V,"{""size"": ""5 kW"", ""voltage"": ""415 V""}",motor,terminology
cpse-09126,maintenance,PIPE-09126,CARBON STEEL PIPE 50mm SCH 40,"{""size"": ""50 mm"", ""standard"": ""ASTM A106""}",pipe,unit_format
cpse-01502,catalogue,BOLT_C-01502,БОЛТ СТАЛЬ M10 КЛАСС C,"{""grade"": ""C"", ""size"": ""M10"", ""standard"": ""ISO 4014""}",bolt_c,multilingual
cpse-05742,maintenance,PIPE-05742,CARBON CARBON STEEL PIPE 50 MM SCH 40,"{""size"": ""50 mm"", ""standard"": ""ASTM A106""}",pipe,near_duplicate
cpse-06770,catalogue,BOLT_C-06770,STEEL BOLT M10 GRADE C,"{""grade"": ""C"", ""size"": ""M10"", ""standard"": ""ISO 4014""}",bolt_c,exact
cpse-04180,erp,NUT_M10-04180,STEEL HEX NUT M10 GRADE B,"{""grade"": ""B"", ""size"": ""M10"", ""standard"": ""ISO 4032""}",nut_m10,exact
cpse-06872,catalogue,CABLE-06872,POWER CABLE 4 CORE 240VAC,"{""size"": ""4 core"", ""voltage"": ""240 V""}",cable,unit_format
cpse-02959,erp,VALVE-02959,GATE VALVE 50mm 150 PSI,"{""pressure"": ""150 psi"", ""size"": ""50 mm"", ""standard"": ""API 600""}",valve,unit_format
cpse-04821,maintenance,BEARING-04821,DEEP GROOVE BALL BEARING 6205,"{""size"": ""6205"", ""standard"": ""ISO 15""}",bearing,unit_format
cpse-05168,catalogue,CABLE-05168,POWER CABLE 4 CORE 240 V,"{""size"": ""4 core"", ""voltage"": ""240 V""}",cable,near_duplicate
cpse-03522,maintenance,PIPE-03522,CARBON STEEL PIPE 50 MM SCH 40,"{""size"": ""50 mm"", ""standard"": ""ASTM A106""}",pipe,exact
cpse-00413,catalogue,UNRELATED_34-00413,UNRELATED MATERIAL 34 CERAMIC LINER,"{""size"": ""134 mm"", ""standard"": ""CPSE-OTHER""}",unrelated_34,unrelated
cpse-06785,catalogue,WASHER-06785,CARBON STEEL WASHER M10,"{""size"": ""M10"", ""standard"": ""ISO 7089""}",washer,near_duplicate
cpse-09055,erp,VALVE-09055,VÁLVULA COMPUERTA 50 MM 150 PSI,"{""pressure"": ""150 psi"", ""size"": ""50 mm"", ""standard"": ""API 600""}",valve,multilingual
cpse-03279,maintenance,BOLT_M12-03279,STL BLT M12 GR B,"{""grade"": ""B"", ""size"": ""M12"", ""standard"": ""ISO 4014""}",bolt_m12,abbreviation
cpse-01715,catalogue,UNRELATED_142-01715,UNRELATED MATERIAL 142 CERAMIC LINER,"{""size"": ""242 mm"", ""standard"": ""CPSE-OTHER""}",unrelated_142,unrelated
cpse-02338,erp,UNRELATED_194-02338,UNRELATED MATERIAL 194 CERAMIC LINER,"{""size"": ""294 mm"", ""standard"": ""CPSE-OTHER""}",unrelated_194,unrelated
cpse-00952,erp,UNRELATED_79-00952,UNRELATED MATERIAL 79 CERAMIC LINER,"{""size"": ""179 mm"", ""standard"": ""CPSE-OTHER""}",unrelated_79,unrelated
cpse-02249,catalogue,WASHER-02249,CARBON STEEL WASHER M10,"{""size"": ""M10"", ""standard"": ""ISO 7089""}",washer,near_duplicate
cpse-01863,maintenance,BOLT_M12-01863,STEEL BOLT M12 GRADE B,"{""grade"": ""B"", ""size"": ""M12"", ""standard"": ""ISO 4014""}",bolt_m12,exact
cpse-04766,catalogue,BOLT_C-04766,STEEL FASTENER M10 GRADE C,"{""grade"": ""C"", ""size"": ""M10"", ""standard"": ""ISO 4014""}",bolt_c,terminology
cpse-08819,catalogue,GASKET-08819,SPIRAL WOUND GASKET DN50,"{""size"": ""DN50"", ""standard"": ""ASME B16.20""}",gasket,terminology
cpse-01386,maintenance,UNRELATED_115-01386,UNRELATED MATERIAL 115 CERAMIC LINER,"{""size"": ""215 mm"", ""standard"": ""CPSE-OTHER""}",unrelated_115,unrelated
cpse-05105,catalogue,WASHER-05105,CARBON STEEL WASHER M10,"{""size"": ""M10"", ""standard"": ""ISO 7089""}",washer,near_duplicate
cpse-01285,erp,BOLT_B-01285,БОЛТ СТАЛЬ M10 КЛАСС B,"{""grade"": ""B"", ""size"": ""M10"", ""standard"": ""ISO 4014""}",bolt_b,multilingual
cpse-02581,erp,BOLT_B-02581,STEEL BOLT 10 mm GRADE B,"{""grade"": ""B"", ""size"": ""M10"", ""standard"": ""ISO 4014""}",bolt_b,unit_format
cpse-02894,catalogue,BOLT_C-02894,STL BLT M10 GR C,"{""grade"": ""C"", ""size"": ""M10"", ""standard"": ""ISO 4014""}",bolt_c,abbreviation
cpse-09246,maintenance,PIPE-09246,CARBON STEEL TUBE 50 MM SCH 40,"{""size"": ""50 mm"", ""standard"": ""ASTM A106""}",pipe,terminology
cpse-04433,catalogue,WASHER-04433,CARBON STEEL WASHER M10,"{""size"": ""M10"", ""standard"": ""ISO 7089""}",washer,near_duplicate
cpse-03960,maintenance,MOTOR-03960,INDUCTION MOTOR 5 KW 415 V,"{""size"": ""5 kW"", ""voltage"": ""415 V""}",motor,unit_format
cpse-04853,catalogue,WASHER-04853,CARBON STEEL WASHER M10,"{""size"": ""M10"", ""standard"": ""ISO 7089""}",washer,near_duplicate
cpse-08108,catalogue,CABLE-08108,POWER CABLE 4 CORE 240 V,"{""size"": ""4 core"", ""voltage"": ""240 V""}",cable,near_duplicate
cpse-02788,erp,NUT_M10-02788,CARBON STEEL HEX NUT M10 GRADE B,"{""grade"": ""B"", ""size"": ""M10"", ""standard"": ""ISO 4032""}",nut_m10,near_duplicate
cpse-07157,catalogue,WASHER-07157,STL WASHER M10,"{""size"": ""M10"", ""standard"": ""ISO 7089""}",washer,abbreviation
cpse-01306,erp,FLANGE-01306,MATÉRIEL WELD NECK FLANGE DN50 PN16,"{""pressure"": ""PN16"", ""size"": ""DN50"", ""standard"": ""EN 1092""}",flange,multilingual
cpse-00181,erp,BOLT_B-00181,STEEL FASTENER M10 GRADE B,"{""grade"": ""B"", ""size"": ""M10"", ""standard"": ""ISO 4014""}",bolt_b,terminology
cpse-08525,catalogue,WASHER-08525,STEEL WASHER M10,"{""size"": ""M10"", ""standard"": ""ISO 7089""}",washer,terminology
cpse-09212,catalogue,UNRELATED_767-09212,UNRELATED MATERIAL 767 CERAMIC LINER,"{""size"": ""867 mm"", ""standard"": ""CPSE-OTHER""}",unrelated_767,unrelated
cpse-08476,erp,NUT_M10-08476,STEEL HEX NUT M10 GRADE B,"{""grade"": ""B"", ""size"": ""M10"", ""standard"": ""ISO 4032""}",nut_m10,terminology
cpse-01357,erp,BOLT_B-01357,STEEL FASTENER M10 GRADE B,"{""grade"": ""B"", ""size"": ""M10"", ""standard"": ""ISO 4014""}",bolt_b,terminology
cpse-01421,catalogue,UNRELATED_118-01421,UNRELATED MATERIAL 118 CERAMIC LINER,"{""size"": ""218 mm"", ""standard"": ""CPSE-OTHER""}",unrelated_118,unrelated
cpse-07503,maintenance,BOLT_M12-07503,STEEL FASTENER M12 GRADE B,"{""grade"": ""B"", ""size"": ""M12"", ""standard"": ""ISO 4014""}",bolt_m12,terminology
cpse-00842,catalogue,BOLT_C-00842,CARBON STEEL HEX BOLT M10 GRADE C,"{""grade"": ""C"", ""size"": ""M10"", ""standard"": ""ISO 4014""}",bolt_c,near_duplicate
cpse-03595,erp,VALVE-03595,VÁLVULA COMPUERTA 50 MM 150 PSI,"{""pressure"": ""150 psi"", ""size"": ""50 mm"", ""standard"": ""API 600""}",valve,multilingual
cpse-02397,maintenance,BEARING-02397,DEEP GROOVE BALL BEARING 6205,"{""size"": ""6205"", ""standard"": ""ISO 15""}",bearing,abbreviation
cpse-08480,catalogue,CABLE-08480,POWER CABLE 4 CORE 240 V,"{""size"": ""4 core"", ""voltage"": ""240 V""}",cable,abbreviation
cpse-00490,erp,UNRELATED_40-00490,UNRELATED MATERIAL 40 CERAMIC LINER,"{""size"": ""140 mm"", ""standard"": ""CPSE-OTHER""}",unrelated_40,unrelated
cpse-04681,erp,BOLT_B-04681,STEEL BOLT 10 mm GRADE B,"{""grade"": ""B"", ""size"": ""M10"", ""standard"": ""ISO 4014""}",bolt_b,unit_format
cpse-06137,catalogue,WASHER-06137,STEEL WASHER 10 mm,"{""size"": ""M10"", ""standard"": ""ISO 7089""}",washer,unit_format
cpse-06910,erp,FLANGE-06910,WELD NECK FLANGE DN50 PN16,"{""pressure"": ""PN16"", ""size"": ""DN50"", ""standard"": ""EN 1092""}",flange,exact
cpse-06453,maintenance,BEARING-06453,DEEP GROOVE BALL BEARING 6205,"{""size"": ""6205"", ""standard"": ""ISO 15""}",bearing,terminology
cpse-03855,maintenance,BOLT_M12-03855,STEEL BOLT M12 GRADE B,"{""grade"": ""B"", ""size"": ""M12"", ""standard"": ""ISO 4014""}",bolt_m12,unit_format
cpse-08595,maintenance,BOLT_M12-08595,STEEL FASTENER M12 GRADE B,"{""grade"": ""B"", ""size"": ""M12"", ""standard"": ""ISO 4014""}",bolt_m12,terminology
cpse-03693,maintenance,BEARING-03693,MATÉRIEL DEEP GROOVE BALL BEARING 6205,"{""size"": ""6205"", ""standard"": ""ISO 15""}",bearing,multilingual
cpse-08998,erp,FLANGE-08998,WELD NECK FLANGE DN50 PN16,"{""pressure"": ""PN16"", ""size"": ""DN50"", ""standard"": ""EN 1092""}",flange,abbreviation
cpse-08705,catalogue,WASHER-08705,MATÉRIEL STEEL WASHER M10,"{""size"": ""M10"", ""standard"": ""ISO 7089""}",washer,multilingual
cpse-00225,maintenance,BEARING-00225,DEEP GROOVE BALL BEARING 6205,"{""size"": ""6205"", ""standard"": ""ISO 15""}",bearing,exact
cpse-01627,erp,VALVE-01627,GATE VALVE 50 MM 150 PSI,"{""pressure"": ""150 psi"", ""size"": ""50 mm"", ""standard"": ""API 600""}",valve,abbreviation
cpse-03702,maintenance,PIPE-03702,CARBON STEEL TUBE 50 MM SCH 40,"{""size"": ""50 mm"", ""standard"": ""ASTM A106""}",pipe,terminology
cpse-02096,catalogue,CABLE-02096,POWER CABLE 4 CORE 240 V,"{""size"": ""4 core"", ""voltage"": ""240 V""}",cable,abbreviation
cpse-05174,catalogue,BOLT_C-05174,STEEL BOLT M10 GRADE C,"{""grade"": ""C"", ""size"": ""M10"", ""standard"": ""ISO 4014""}",bolt_c,exact
cpse-01662,maintenance,PIPE-01662,CARBON STL PIPE 50 MM SCH 40,"{""size"": ""50 mm"", ""standard"": ""ASTM A106""}",pipe,abbreviation
cpse-05570,catalogue,BOLT_C-05570,STEEL BOLT 10 mm GRADE C,"{""grade"": ""C"", ""size"": ""M10"", ""standard"": ""ISO 4014""}",bolt_c,unit_format
cpse-04267,erp,VALVE-04267,VÁLVULA COMPUERTA 50 MM 150 PSI,"{""pressure"": ""150 psi"", ""size"": ""50 mm"", ""standard"": ""API 600""}",valve,multilingual
cpse-09866,catalogue,BOLT_C-09866,STL BLT M10 GR C,"{""grade"": ""C"", ""size"": ""M10"", ""standard"": ""ISO 4014""}",bolt_c,abbreviation
cpse-06285,maintenance,BEARING-06285,DEEP GROOVE BALL BEARING 6205,"{""size"": ""6205"", ""standard"": ""ISO 15""}",bearing,terminology
cpse-06185,catalogue,WASHER-06185,MATÉRIEL STEEL WASHER M10,"{""size"": ""M10"", ""standard"": ""ISO 7089""}",washer,multilingual
cpse-07099,erp,VALVE-07099,GATE VALVE 50 MM 150 PSI,"{""pressure"": ""150 psi"", ""size"": ""50 mm"", ""standard"": ""API 600""}",valve,exact
cpse-01708,erp,UNRELATED_142-01708,UNRELATED MATERIAL 142 CERAMIC LINER,"{""size"": ""242 mm"", ""standard"": ""CPSE-OTHER""}",unrelated_142,unrelated
cpse-01427,catalogue,GASKET-01427,SPIRAL WOUND GASKET DN50,"{""size"": ""DN50"", ""standard"": ""ASME B16.20""}",gasket,terminology
cpse-03139,erp,VALVE-03139,GATE VALVE 50 MM 150 PSI,"{""pressure"": ""150 psi"", ""size"": ""50 mm"", ""standard"": ""API 600""}",valve,abbreviation
cpse-02964,maintenance,MOTOR-02964,INDUCTION MOTOR 5 KW 415 V,"{""size"": ""5 kW"", ""voltage"": ""415 V""}",motor,abbreviation
cpse-06252,maintenance,MOTOR-06252,INDUCTION MOTOR 5 KW 415 V,"{""size"": ""5 kW"", ""voltage"": ""415 V""}",motor,exact
cpse-05984,catalogue,CABLE-05984,POWER CABLE 4 CORE 240 V,"{""size"": ""4 core"", ""voltage"": ""240 V""}",cable,terminology
cpse-04779,maintenance,BOLT_M12-04779,STEEL BOLT M12 GRADE B,"{""grade"": ""B"", ""size"": ""M12"", ""standard"": ""ISO 4014""}",bolt_m12,unit_format
cpse-07144,erp,NUT_M10-07144,MATÉRIEL STEEL HEX NUT M10 GRADE B,"{""grade"": ""B"", ""size"": ""M10"", ""standard"": ""ISO 4032""}",nut_m10,multilingual
cpse-09437,catalogue,WASHER-09437,STEEL WASHER M10,"{""size"": ""M10"", ""standard"": ""ISO 7089""}",washer,exact
cpse-03860,catalogue,CABLE-03860,POWER CABLE 4 CORE 240 V,"{""size"": ""4 core"", ""voltage"": ""240 V""}",cable,abbreviation
cpse-07430,catalogue,BOLT_C-07430,STL BLT M10 GR C,"{""grade"": ""C"", ""size"": ""M10"", ""standard"": ""ISO 4014""}",bolt_c,abbreviation
cpse-04670,catalogue,BOLT_C-04670,STEEL BOLT M10 GRADE C,"{""grade"": ""C"", ""size"": ""M10"", ""standard"": ""ISO 4014""}",bolt_c,exact
cpse-07683,maintenance,BOLT_M12-07683,MATÉRIEL STEEL BOLT M12 GRADE B,"{""grade"": ""B"", ""size"": ""M12"", ""standard"": ""ISO 4014""}",bolt_m12,multilingual
cpse-00773,catalogue,WASHER-00773,STL WASHER M10,"{""size"": ""M10"", ""standard"": ""ISO 7089""}",washer,abbreviation
cpse-06959,catalogue,GASKET-06959,SPIRAL WOUND GASKET DN50,"{""size"": ""DN50"", ""standard"": ""ASME B16.20""}",gasket,exact
cpse-05833,erp,BOLT_B-05833,CARBON STEEL HEX BOLT M10 GRADE B,"{""grade"": ""B"", ""size"": ""M10"", ""standard"": ""ISO 4014""}",bolt_b,near_duplicate
cpse-04960,erp,NUT_M10-04960,MATÉRIEL STEEL HEX NUT M10 GRADE B,"{""grade"": ""B"", ""size"": ""M10"", ""standard"": ""ISO 4032""}",nut_m10,multilingual
cpse-01926,maintenance,PIPE-01926,CARBON STEEL PIPE 50 MM SCH 40,"{""size"": ""50 mm"", ""standard"": ""ASTM A106""}",pipe,exact
cpse-02966,catalogue,BOLT_C-02966,STEEL BOLT 10 mm GRADE C,"{""grade"": ""C"", ""size"": ""M10"", ""standard"": ""ISO 4014""}",bolt_c,unit_format
cpse-00200,catalogue,CABLE-00200,CÂBLE PUISSANCE 4 ÂMES 240 V,"{""size"": ""4 core"", ""voltage"": ""240 V""}",cable,multilingual
cpse-09106,erp,FLANGE-09106,WELD NECK FLANGE DN50 PN16,"{""pressure"": ""PN16"", ""size"": ""DN50"", ""standard"": ""EN 1092""}",flange,terminology
cpse-02176,erp,NUT_M10-02176,STEEL HEX NUT M10 GRADE B,"{""grade"": ""B"", ""size"": ""M10"", ""standard"": ""ISO 4032""}",nut_m10,terminology
cpse-04222,erp,FLANGE-04222,WELD NECK FLANGE DN50 PN16,"{""pressure"": ""PN16"", ""size"": ""DN50"", ""standard"": ""EN 1092""}",flange,exact
cpse-06519,maintenance,BOLT_M12-06519,CARBON STEEL HEX BOLT M12 GRADE B,"{""grade"": ""B"", ""size"": ""M12"", ""standard"": ""ISO 4014""}",bolt_m12,near_duplicate
cpse-08969,catalogue,WASHER-08969,CARBON STEEL WASHER M10,"{""size"": ""M10"", ""standard"": ""ISO 7089""}",washer,near_duplicate
cpse-01518,maintenance,PIPE-01518,CARBON STEEL TUBE 50 MM SCH 40,"{""size"": ""50 mm"", ""standard"": ""ASTM A106""}",pipe,terminology
cpse-02418,maintenance,PIPE-02418,CARBON STL PIPE 50 MM SCH 40,"{""size"": ""50 mm"", ""standard"": ""ASTM A106""}",pipe,abbreviation
cpse-01267,erp,UNRELATED_105-01267,UNRELATED MATERIAL 105 CERAMIC LINER,"{""size"": ""205 mm"", ""standard"": ""CPSE-OTHER""}",unrelated_105,unrelated
cpse-02310,maintenance,UNRELATED_192-02310,UNRELATED MATERIAL 192 CERAMIC LINER,"{""size"": ""292 mm"", ""standard"": ""CPSE-OTHER""}",unrelated_192,unrelated
cpse-04866,maintenance,PIPE-04866,CARBON STEEL PIPE 50 MM SCH 40,"{""size"": ""50 mm"", ""standard"": ""ASTM A106""}",pipe,exact
cpse-03586,erp,FLANGE-03586,WELD NECK FLANGE DN50 PN16,"{""pressure"": ""PN16"", ""size"": ""DN50"", ""standard"": ""EN 1092""}",flange,near_duplicate
cpse-02018,catalogue,BOLT_C-02018,CARBON STEEL HEX BOLT M10 GRADE C,"{""grade"": ""C"", ""size"": ""M10"", ""standard"": ""ISO 4014""}",bolt_c,near_duplicate
cpse-02580,maintenance,MOTOR-02580,MATÉRIEL INDUCTION MOTOR 5 KW 415 V,"{""size"": ""5 kW"", ""voltage"": ""415 V""}",motor,multilingual
cpse-00204,maintenance,MOTOR-00204,INDUCTION MOTOR 5 KW 415 V,"{""size"": ""5 kW"", ""voltage"": ""415 V""}",motor,exact
cpse-05480,catalogue,CABLE-05480,POWER CABLE 4 CORE 240 V,"{""size"": ""4 core"", ""voltage"": ""240 V""}",cable,terminology
cpse-08289,maintenance,BEARING-08289,DEEP GROOVE BALL BEARING 6205,"{""size"": ""6205"", ""standard"": ""ISO 15""}",bearing,exact
cpse-00850,erp,FLANGE-00850,WELD NECK FLANGE DN50 PN16,"{""pressure"": ""PN16"", ""size"": ""DN50"", ""standard"": ""EN 1092""}",flange,abbreviation
cpse-01729,erp,UNRELATED_144-01729,UNRELATED MATERIAL 144 CERAMIC LINER,"{""size"": ""244 mm"", ""standard"": ""CPSE-OTHER""}",unrelated_144,unrelated
cpse-06704,catalogue,CABLE-06704,POWER CABLE 4 CORE 240VAC,"{""size"": ""4 core"", ""voltage"": ""240 V""}",cable,unit_format
cpse-02606,catalogue,BOLT_C-02606,CARBON STEEL HEX BOLT M10 GRADE C,"{""grade"": ""C"", ""size"": ""M10"", ""standard"": ""ISO 4014""}",bolt_c,near_duplicate
cpse-02801,catalogue,WASHER-02801,STEEL WASHER M10,"{""size"": ""M10"", ""standard"": ""ISO 7089""}",washer,exact
cpse-05758,erp,FLANGE-05758,MATÉRIEL WELD NECK FLANGE DN50 PN16,"{""pressure"": ""PN16"", ""size"": ""DN50"", ""standard"": ""EN 1092""}",flange,multilingual
cpse-04211,catalogue,GASKET-04211,MATÉRIEL SPIRAL WOUND GASKET DN50,"{""size"": ""DN50"", ""standard"": ""ASME B16.20""}",gasket,multilingual
cpse-07560,maintenance,UNRELATED_629-07560,UNRELATED MATERIAL 629 CERAMIC LINER,"{""size"": ""729 mm"", ""standard"": ""CPSE-OTHER""}",unrelated_629,unrelated
cpse-06827,catalogue,GASKET-06827,SPIRAL WOUND GASKET DN50,"{""size"": ""DN50"", ""standard"": ""ASME B16.20""}",gasket,near_duplicate
cpse-04470,maintenance,PIPE-04470,TUBO ACERO CARBONO 50 MM SCH 40,"{""size"": ""50 mm"", ""standard"": ""ASTM A106""}",pipe,multilingual
cpse-00617,catalogue,WASHER-00617,STEEL WASHER M10,"{""size"": ""M10"", ""standard"": ""ISO 7089""}",washer,exact
cpse-06212,catalogue,CABLE-06212,POWER CABLE 4 CORE 240 V,"{""size"": ""4 core"", ""voltage"": ""240 V""}",cable,abbreviation
cpse-05839,erp,VALVE-05839,GATE VALVE 50 MM 150 PSI,"{""pressure"": ""150 psi"", ""size"": ""50 mm"", ""standard"": ""API 600""}",valve,exact
cpse-02168,catalogue,CABLE-02168,POWER CABLE 4 CORE 240VAC,"{""size"": ""4 core"", ""voltage"": ""240 V""}",cable,unit_format
cpse-05164,erp,NUT_M10-05164,STEEL HEX NUT 10 mm GRADE B,"{""grade"": ""B"", ""size"": ""M10"", ""standard"": ""ISO 4032""}",nut_m10,unit_format
cpse-05922,maintenance,UNRELATED_493-05922,UNRELATED MATERIAL 493 CERAMIC LINER,"{""size"": ""593 mm"", ""standard"": ""CPSE-OTHER""}",unrelated_493,unrelated
cpse-06641,catalogue,WASHER-06641,STEEL WASHER 10 mm,"{""size"": ""M10"", ""standard"": ""ISO 7089""}",washer,unit_format
cpse-03697,erp,BOLT_B-03697,STEEL BOLT M10 GRADE B,"{""grade"": ""B"", ""size"": ""M10"", ""standard"": ""ISO 4014""}",bolt_b,exact
cpse-09138,maintenance,PIPE-09138,CARBON STL PIPE 50 MM SCH 40,"{""size"": ""50 mm"", ""standard"": ""ASTM A106""}",pipe,abbreviation
cpse-08966,catalogue,BOLT_C-08966,STEEL FASTENER M10 GRADE C,"{""grade"": ""C"", ""size"": ""M10"", ""standard"": ""ISO 4014""}",bolt_c,terminology
cpse-07968,maintenance,MOTOR-07968,INDUCTION MOTOR 5 KW 415 V,"{""size"": ""5 kW"", ""voltage"": ""415 V""}",motor,near_duplicate
cpse-06644,catalogue,CABLE-06644,POWER CABLE 4 CORE 240 V,"{""size"": ""4 core"", ""voltage"": ""240 V""}",cable,exact
cpse-07949,catalogue,WASHER-07949,MATÉRIEL STEEL WASHER M10,"{""size"": ""M10"", ""standard"": ""ISO 7089""}",washer,multilingual
cpse-01626,maintenance,PIPE-01626,CARBON CARBON STEEL PIPE 50 MM SCH 40,"{""size"": ""50 mm"", ""standard"": ""ASTM A106""}",pipe,near_duplicate
cpse-06106,erp,FLANGE-06106,WELD NECK FLANGE DN50 PN16,"{""pressure"": ""PN16"", ""size"": ""DN50"", ""standard"": ""EN 1092""}",flange,near_duplicate
cpse-08381,catalogue,WASHER-08381,CARBON STEEL WASHER M10,"{""size"": ""M10"", ""standard"": ""ISO 7089""}",washer,near_duplicate
cpse-06916,erp,UNRELATED_576-06916,UNRELATED MATERIAL 576 CERAMIC LINER,"{""size"": ""676 mm"", ""standard"": ""CPSE-OTHER""}",unrelated_576,unrelated
cpse-08553,maintenance,BEARING-08553,DEEP GROOVE BALL BEARING 6205,"{""size"": ""6205"", ""standard"": ""ISO 15""}",bearing,terminology
cpse-03170,catalogue,BOLT_C-03170,STEEL FASTENER M10 GRADE C,"{""grade"": ""C"", ""size"": ""M10"", ""standard"": ""ISO 4014""}",bolt_c,terminology
cpse-05597,catalogue,WASHER-05597,MATÉRIEL STEEL WASHER M10,"{""size"": ""M10"", ""standard"": ""ISO 7089""}",washer,multilingual
cpse-01219,erp,VALVE-01219,GATE VALVE 50 MM 150 PSI,"{""pressure"": ""150 psi"", ""size"": ""50 mm"", ""standard"": ""API 600""}",valve,exact
cpse-01707,maintenance,BOLT_M12-01707,STEEL FASTENER M12 GRADE B,"{""grade"": ""B"", ""size"": ""M12"", ""standard"": ""ISO 4014""}",bolt_m12,terminology
cpse-01668,maintenance,MOTOR-01668,INDUCTION MOTOR 5 KW 415 V,"{""size"": ""5 kW"", ""voltage"": ""415 V""}",motor,near_duplicate
cpse-05191,erp,VALVE-05191,VÁLVULA COMPUERTA 50 MM 150 PSI,"{""pressure"": ""150 psi"", ""size"": ""50 mm"", ""standard"": ""API 600""}",valve,multilingual
cpse-04476,maintenance,MOTOR-04476,INDUCTION MOTOR 5 KW 415 V,"{""size"": ""5 kW"", ""voltage"": ""415 V""}",motor,abbreviation
cpse-05108,catalogue,CABLE-05108,POWER CABLE 4 CORE 240VAC,"{""size"": ""4 core"", ""voltage"": ""240 V""}",cable,unit_format
cpse-04548,maintenance,MOTOR-04548,INDUCTION MOTOR 5 KW 415 V,"{""size"": ""5 kW"", ""voltage"": ""415 V""}",motor,unit_format
cpse-09128,catalogue,UNRELATED_760-09128,UNRELATED MATERIAL 760 CERAMIC LINER,"{""size"": ""860 mm"", ""standard"": ""CPSE-OTHER""}",unrelated_760,unrelated
cpse-08010,maintenance,PIPE-08010,CARBON CARBON STEEL PIPE 50 MM SCH 40,"{""size"": ""50 mm"", ""standard"": ""ASTM A106""}",pipe,near_duplicate
cpse-05917,erp,BOLT_B-05917,CARBON STEEL HEX BOLT M10 GRADE B,"{""grade"": ""B"", ""size"": ""M10"", ""standard"": ""ISO 4014""}",bolt_b,near_duplicate
cpse-08178,maintenance,PIPE-08178,CARBON CARBON STEEL PIPE 50 MM SCH 40,"{""size"": ""50 mm"", ""standard"": ""ASTM A106""}",pipe,near_duplicate
cpse-09031,erp,VALVE-09031,GATE VALVE 50 MM 150 PSI,"{""pressure"": ""150 psi"", ""size"": ""50 mm"", ""standard"": ""API 600""}",valve,exact
cpse-01562,catalogue,BOLT_C-01562,STEEL BOLT M10 GRADE C,"{""grade"": ""C"", ""size"": ""M10"", ""standard"": ""ISO 4014""}",bolt_c,exact
cpse-02648,catalogue,CABLE-02648,POWER CABLE 4 CORE 240 V,"{""size"": ""4 core"", ""voltage"": ""240 V""}",cable,near_duplicate
cpse-05493,maintenance,BEARING-05493,DEEP GROOVE BALL BEARING 6205,"{""size"": ""6205"", ""standard"": ""ISO 15""}",bearing,unit_format
cpse-07127,catalogue,GASKET-07127,SPIRAL WOUND GASKET DN50,"{""size"": ""DN50"", ""standard"": ""ASME B16.20""}",gasket,exact
cpse-09944,catalogue,CABLE-09944,CÂBLE PUISSANCE 4 ÂMES 240 V,"{""size"": ""4 core"", ""voltage"": ""240 V""}",cable,multilingual
cpse-03961,erp,BOLT_B-03961,STEEL FASTENER M10 GRADE B,"{""grade"": ""B"", ""size"": ""M10"", ""standard"": ""ISO 4014""}",bolt_b,terminology
cpse-05960,catalogue,CABLE-05960,POWER CABLE 4 CORE 240 V,"{""size"": ""4 core"", ""voltage"": ""240 V""}",cable,abbreviation
cpse-03184,erp,NUT_M10-03184,STEEL HEX NUT M10 GRADE B,"{""grade"": ""B"", ""size"": ""M10"", ""standard"": ""ISO 4032""}",nut_m10,terminology
cpse-04525,erp,BOLT_B-04525,STL BLT M10 GR B,"{""grade"": ""B"", ""size"": ""M10"", ""standard"": ""ISO 4014""}",bolt_b,abbreviation
cpse-03026,catalogue,BOLT_C-03026,CARBON STEEL HEX BOLT M10 GRADE C,"{""grade"": ""C"", ""size"": ""M10"", ""standard"": ""ISO 4014""}",bolt_c,near_duplicate
cpse-05790,maintenance,PIPE-05790,CARBON STEEL PIPE 50 MM SCH 40,"{""size"": ""50 mm"", ""standard"": ""ASTM A106""}",pipe,exact
cpse-01537,erp,BOLT_B-01537,БОЛТ СТАЛЬ M10 КЛАСС B,"{""grade"": ""B"", ""size"": ""M10"", ""standard"": ""ISO 4014""}",bolt_b,multilingual
cpse-02126,catalogue,BOLT_C-02126,STEEL BOLT 10 mm GRADE C,"{""grade"": ""C"", ""size"": ""M10"", ""standard"": ""ISO 4014""}",bolt_c,unit_format
cpse-04007,catalogue,GASKET-04007,SPIRAL WOUND GASKET DN50,"{""size"": ""DN50"", ""standard"": ""ASME B16.20""}",gasket,abbreviation
cpse-02817,maintenance,BEARING-02817,DEEP GROOVE BALL BEARING 6205,"{""size"": ""6205"", ""standard"": ""ISO 15""}",bearing,abbreviation
cpse-01652,catalogue,UNRELATED_137-01652,UNRELATED MATERIAL 137 CERAMIC LINER,"{""size"": ""237 mm"", ""standard"": ""CPSE-OTHER""}",unrelated_137,unrelated
cpse-08087,catalogue,GASKET-08087,SPIRAL WOUND GASKET DN50,"{""size"": ""DN50"", ""standard"": ""ASME B16.20""}",gasket,near_duplicate
cpse-00893,catalogue,WASHER-00893,MATÉRIEL STEEL WASHER M10,"{""size"": ""M10"", ""standard"": ""ISO 7089""}",washer,multilingual
cpse-04101,maintenance,BEARING-04101,DEEP GROOVE BALL BEARING 6205,"{""size"": ""6205"", ""standard"": ""ISO 15""}",bearing,terminology
cpse-01527,maintenance,BOLT_M12-01527,STEEL BOLT M12 GRADE B,"{""grade"": ""B"", ""size"": ""M12"", ""standard"": ""ISO 4014""}",bolt_m12,exact
cpse-03236,catalogue,CABLE-03236,POWER CABLE 4 CORE 240 V,"{""size"": ""4 core"", ""voltage"": ""240 V""}",cable,near_duplicate
cpse-01192,erp,NUT_M10-01192,CARBON STEEL HEX NUT M10 GRADE B,"{""grade"": ""B"", ""size"": ""M10"", ""standard"": ""ISO 4032""}",nut_m10,near_duplicate
cpse-00239,catalogue,GASKET-00239,SPIRAL WOUND GASKET DN50,"{""size"": ""DN50"", ""standard"": ""ASME B16.20""}",gasket,exact
cpse-03148,erp,NUT_M10-03148,STEEL HEX NUT 10 mm GRADE B,"{""grade"": ""B"", ""size"": ""M10"", ""standard"": ""ISO 4032""}",nut_m10,unit_format
cpse-04911,maintenance,BOLT_M12-04911,MATÉRIEL STEEL BOLT M12 GRADE B,"{""grade"": ""B"", ""size"": ""M12"", ""standard"": ""ISO 4014""}",bolt_m12,multilingual
cpse-03798,maintenance,PIPE-03798,TUBO ACERO CARBONO 50 MM SCH 40,"{""size"": ""50 mm"", ""standard"": ""ASTM A106""}",pipe,multilingual
cpse-05475,maintenance,BOLT_M12-05475,STEEL BOLT M12 GRADE B,"{""grade"": ""B"", ""size"": ""M12"", ""standard"": ""ISO 4014""}",bolt_m12,exact
cpse-04082,catalogue,BOLT_C-04082,STEEL BOLT M10 GRADE C,"{""grade"": ""C"", ""size"": ""M10"", ""standard"": ""ISO 4014""}",bolt_c,exact
cpse-09218,catalogue,BOLT_C-09218,STEEL FASTENER M10 GRADE C,"{""grade"": ""C"", ""size"": ""M10"", ""standard"": ""ISO 4014""}",bolt_c,terminology
cpse-05479,erp,VALVE-05479,GATE VALVE 50mm 150 PSI,"{""pressure"": ""150 psi"", ""size"": ""50 mm"", ""standard"": ""API 600""}",valve,unit_format
cpse-04975,erp,VALVE-04975,GATE VALVE 50mm 150 PSI,"{""pressure"": ""150 psi"", ""size"": ""50 mm"", ""standard"": ""API 600""}",valve,unit_format
cpse-05389,erp,BOLT_B-05389,STEEL FASTENER M10 GRADE B,"{""grade"": ""B"", ""size"": ""M10"", ""standard"": ""ISO 4014""}",bolt_b,terminology
cpse-07057,erp,BOLT_B-07057,STEEL BOLT M10 GRADE B,"{""grade"": ""B"", ""size"": ""M10"", ""standard"": ""ISO 4014""}",bolt_b,exact
cpse-05272,erp,NUT_M10-05272,STEEL HEX NUT M10 GRADE B,"{""grade"": ""B"", ""size"": ""M10"", ""standard"": ""ISO 4032""}",nut_m10,exact
cpse-08882,catalogue,BOLT_C-08882,STEEL FASTENER M10 GRADE C,"{""grade"": ""C"", ""size"": ""M10"", ""standard"": ""ISO 4014""}",bolt_c,terminology
cpse-08125,erp,BOLT_B-08125,STEEL BOLT 10 mm GRADE B,"{""grade"": ""B"", ""size"": ""M10"", ""standard"": ""ISO 4014""}",bolt_b,unit_format
cpse-03599,catalogue,GASKET-03599,SPIRAL WOUND GASKET DN50,"{""size"": ""DN50"", ""standard"": ""ASME B16.20""}",gasket,exact
cpse-04290,maintenance,PIPE-04290,CARBON STEEL TUBE 50 MM SCH 40,"{""size"": ""50 mm"", ""standard"": ""ASTM A106""}",pipe,terminology
cpse-00821,catalogue,WASHER-00821,CARBON STEEL WASHER M10,"{""size"": ""M10"", ""standard"": ""ISO 7089""}",washer,near_duplicate
cpse-07653,maintenance,BEARING-07653,DEEP GROOVE BALL BEARING 6205,"{""size"": ""6205"", ""standard"": ""ISO 15""}",bearing,near_duplicate
cpse-02309,catalogue,WASHER-02309,STEEL WASHER M10,"{""size"": ""M10"", ""standard"": ""ISO 7089""}",washer,terminology
cpse-01894,erp,FLANGE-01894,MATÉRIEL WELD NECK FLANGE DN50 PN16,"{""pressure"": ""PN16"", ""size"": ""DN50"", ""standard"": ""EN 1092""}",flange,multilingual
cpse-03641,catalogue,WASHER-03641,STEEL WASHER M10,"{""size"": ""M10"", ""standard"": ""ISO 7089""}",washer,exact
cpse-04365,maintenance,BEARING-04365,MATÉRIEL DEEP GROOVE BALL BEARING 6205,"{""size"": ""6205"", ""standard"": ""ISO 15""}",bearing,multilingual
cpse-05156,catalogue,CABLE-05156,CÂBLE PUISSANCE 4 ÂMES 240 V,"{""size"": ""4 core"", ""voltage"": ""240 V""}",cable,multilingual
cpse-08483,catalogue,GASKET-08483,SPIRAL WOUND GASKET DN50,"{""size"": ""DN50"", ""standard"": ""ASME B16.20""}",gasket,terminology
cpse-00948,maintenance,MOTOR-00948,INDUCTION MOTOR 5 KW 415 V,"{""size"": ""5 kW"", ""voltage"": ""415 V""}",motor,abbreviation
cpse-01569,maintenance,BEARING-01569,DEEP GROOVE BALL BEARING 6205,"{""size"": ""6205"", ""standard"": ""ISO 15""}",bearing,exact
cpse-05503,erp,VALVE-05503,GATE VALVE 50 MM 150 PSI,"{""pressure"": ""150 psi"", ""size"": ""50 mm"", ""standard"": ""API 600""}",valve,exact
cpse-05397,maintenance,UNRELATED_449-05397,UNRELATED MATERIAL 449 CERAMIC LINER,"{""size"": ""549 mm"", ""standard"": ""CPSE-OTHER""}",unrelated_449,unrelated
cpse-05112,maintenance,MOTOR-05112,INDUCTION MOTOR 5 KW 415 V,"{""size"": ""5 kW"", ""voltage"": ""415 V""}",motor,near_duplicate
cpse-07778,catalogue,BOLT_C-07778,STEEL BOLT M10 GRADE C,"{""grade"": ""C"", ""size"": ""M10"", ""standard"": ""ISO 4014""}",bolt_c,exact
cpse-08634,maintenance,PIPE-08634,CARBON STL PIPE 50 MM SCH 40,"{""size"": ""50 mm"", ""standard"": ""ASTM A106""}",pipe,abbreviation
cpse-08522,catalogue,BOLT_C-08522,STL BLT M10 GR C,"{""grade"": ""C"", ""size"": ""M10"", ""standard"": ""ISO 4014""}",bolt_c,abbreviation
cpse-08750,catalogue,UNRELATED_729-08750,UNRELATED MATERIAL 729 CERAMIC LINER,"{""size"": ""829 mm"", ""standard"": ""CPSE-OTHER""}",unrelated_729,unrelated
cpse-04946,catalogue,BOLT_C-04946,БОЛТ СТАЛЬ M10 КЛАСС C,"{""grade"": ""C"", ""size"": ""M10"", ""standard"": ""ISO 4014""}",bolt_c,multilingual
cpse-07078,erp,FLANGE-07078,WELD NECK FLANGE DN50 PN16,"{""pressure"": ""PN16"", ""size"": ""DN50"", ""standard"": ""EN 1092""}",flange,exact
cpse-02837,catalogue,WASHER-02837,CARBON STEEL WASHER M10,"{""size"": ""M10"", ""standard"": ""ISO 7089""}",washer,near_duplicate
cpse-00593,catalogue,WASHER-00593,STEEL WASHER 10 mm,"{""size"": ""M10"", ""standard"": ""ISO 7089""}",washer,unit_format
cpse-05876,catalogue,CABLE-05876,POWER CABLE 4 CORE 240 V,"{""size"": ""4 core"", ""voltage"": ""240 V""}",cable,abbreviation
cpse-07635,maintenance,BOLT_M12-07635,STEEL BOLT M12 GRADE B,"{""grade"": ""B"", ""size"": ""M12"", ""standard"": ""ISO 4014""}",bolt_m12,unit_format
cpse-04312,erp,UNRELATED_359-04312,UNRELATED MATERIAL 359 CERAMIC LINER,"{""size"": ""459 mm"", ""standard"": ""CPSE-OTHER""}",unrelated_359,unrelated
cpse-01294,erp,FLANGE-01294,WELD NECK FLANGE DN50 PN16,"{""pressure"": ""PN16"", ""size"": ""DN50"", ""standard"": ""EN 1092""}",flange,terminology
cpse-09797,catalogue,WASHER-09797,MATÉRIEL STEEL WASHER M10,"{""size"": ""M10"", ""standard"": ""ISO 7089""}",washer,multilingual
cpse-05535,maintenance,BOLT_M12-05535,STEEL BOLT M12 GRADE B,"{""grade"": ""B"", ""size"": ""M12"", ""standard"": ""ISO 4014""}",bolt_m12,unit_format
cpse-01827,maintenance,UNRELATED_152-01827,UNRELATED MATERIAL 152 CERAMIC LINER,"{""size"": ""252 mm"", ""standard"": ""CPSE-OTHER""}",unrelated_152,unrelated
cpse-06583,erp,VALVE-06583,GATE VALVE 50 MM 150 PSI,"{""pressure"": ""150 psi"", ""size"": ""50 mm"", ""standard"": ""API 600""}",valve,abbreviation
cpse-06274,erp,FLANGE-06274,WELD NECK FLANGE DN50 PN16,"{""pressure"": ""PN16"", ""size"": ""DN50"", ""standard"": ""EN 1092""}",flange,near_duplicate
cpse-02751,maintenance,UNRELATED_229-02751,UNRELATED MATERIAL 229 CERAMIC LINER,"{""size"": ""329 mm"", ""standard"": ""CPSE-OTHER""}",unrelated_229,unrelated
cpse-05419,erp,VALVE-05419,GATE VALVE 50 MM 150 PSI,"{""pressure"": ""150 psi"", ""size"": ""50 mm"", ""standard"": ""API 600""}",valve,exact
cpse-03825,maintenance,BEARING-03825,DEEP GROOVE BALL BEARING 6205,"{""size"": ""6205"", ""standard"": ""ISO 15""}",bearing,abbreviation
cpse-05548,erp,NUT_M10-05548,MATÉRIEL STEEL HEX NUT M10 GRADE B,"{""grade"": ""B"", ""size"": ""M10"", ""standard"": ""ISO 4032""}",nut_m10,multilingual
cpse-09354,maintenance,PIPE-09354,CARBON CARBON STEEL PIPE 50 MM SCH 40,"{""size"": ""50 mm"", ""standard"": ""ASTM A106""}",pipe,near_duplicate
cpse-03614,catalogue,BOLT_C-03614,CARBON STEEL HEX BOLT M10 GRADE C,"{""grade"": ""C"", ""size"": ""M10"", ""standard"": ""ISO 4014""}",bolt_c,near_duplicate
cpse-07674,maintenance,PIPE-07674,CARBON CARBON STEEL PIPE 50 MM SCH 40,"{""size"": ""50 mm"", ""standard"": ""ASTM A106""}",pipe,near_duplicate
cpse-09084,maintenance,MOTOR-09084,INDUCTION MOTOR 5 KW 415 V,"{""size"": ""5 kW"", ""voltage"": ""415 V""}",motor,unit_format
cpse-01675,erp,VALVE-01675,GATE VALVE 50 MM 150 PSI,"{""pressure"": ""150 psi"", ""size"": ""50 mm"", ""standard"": ""API 600""}",valve,near_duplicate
cpse-02035,erp,VALVE-02035,GATE VALVE 50mm 150 PSI,"{""pressure"": ""150 psi"", ""size"": ""50 mm"", ""standard"": ""API 600""}",valve,unit_format
cpse-01482,maintenance,PIPE-01482,CARBON STEEL PIPE 50mm SCH 40,"{""size"": ""50 mm"", ""standard"": ""ASTM A106""}",pipe,unit_format
cpse-08115,maintenance,BOLT_M12-08115,CARBON STEEL HEX BOLT M12 GRADE B,"{""grade"": ""B"", ""size"": ""M12"", ""standard"": ""ISO 4014""}",bolt_m12,near_duplicate
cpse-02493,maintenance,BEARING-02493,DEEP GROOVE BALL BEARING 6205,"{""size"": ""6205"", ""standard"": ""ISO 15""}",bearing,exact
cpse-05142,maintenance,PIPE-05142,TUBO ACERO CARBONO 50 MM SCH 40,"{""size"": ""50 mm"", ""standard"": ""ASTM A106""}",pipe,multilingual
cpse-09556,erp,NUT_M10-09556,STEEL HEX NUT M10 GRADE B,"{""grade"": ""B"", ""size"": ""M10"", ""standard"": ""ISO 4032""}",nut_m10,exact
cpse-05249,catalogue,WASHER-05249,STEEL WASHER M10,"{""size"": ""M10"", ""standard"": ""ISO 7089""}",washer,terminology
cpse-02376,maintenance,MOTOR-02376,INDUCTION MOTOR 5 KW 415 V,"{""size"": ""5 kW"", ""voltage"": ""415 V""}",motor,abbreviation
cpse-09887,catalogue,GASKET-09887,SPIRAL WOUND GASKET DN50,"{""size"": ""DN50"", ""standard"": ""ASME B16.20""}",gasket,abbreviation
cpse-07476,maintenance,UNRELATED_622-07476,UNRELATED MATERIAL 622 CERAMIC LINER,"{""size"": ""722 mm"", ""standard"": ""CPSE-OTHER""}",unrelated_622,unrelated
cpse-03295,erp,VALVE-03295,GATE VALVE 50mm 150 PSI,"{""pressure"": ""150 psi"", ""size"": ""50 mm"", ""standard"": ""API 600""}",valve,unit_format
cpse-03918,maintenance,PIPE-03918,CARBON STEEL PIPE 50mm SCH 40,"{""size"": ""50 mm"", ""standard"": ""ASTM A106""}",pipe,unit_format
cpse-09368,catalogue,CABLE-09368,POWER CABLE 4 CORE 240 V,"{""size"": ""4 core"", ""voltage"": ""240 V""}",cable,near_duplicate
cpse-03107,catalogue,GASKET-03107,SPIRAL WOUND GASKET DN50,"{""size"": ""DN50"", ""standard"": ""ASME B16.20""}",gasket,terminology
cpse-06566,catalogue,UNRELATED_547-06566,UNRELATED MATERIAL 547 CERAMIC LINER,"{""size"": ""647 mm"", ""standard"": ""CPSE-OTHER""}",unrelated_547,unrelated
cpse-06894,maintenance,PIPE-06894,CARBON STEEL TUBE 50 MM SCH 40,"{""size"": ""50 mm"", ""standard"": ""ASTM A106""}",pipe,terminology
cpse-03591,maintenance,UNRELATED_299-03591,UNRELATED MATERIAL 299 CERAMIC LINER,"{""size"": ""399 mm"", ""standard"": ""CPSE-OTHER""}",unrelated_299,unrelated
cpse-07193,catalogue,WASHER-07193,MATÉRIEL STEEL WASHER M10,"{""size"": ""M10"", ""standard"": ""ISO 7089""}",washer,multilingual
cpse-06232,erp,NUT_M10-06232,CARBON STEEL HEX NUT M10 GRADE B,"{""grade"": ""B"", ""size"": ""M10"", ""standard"": ""ISO 4032""}",nut_m10,near_duplicate
cpse-02607,maintenance,BOLT_M12-02607,STL BLT M12 GR B,"{""grade"": ""B"", ""size"": ""M12"", ""standard"": ""ISO 4014""}",bolt_m12,abbreviation
cpse-04357,erp,BOLT_B-04357,STL BLT M10 GR B,"{""grade"": ""B"", ""size"": ""M10"", ""standard"": ""ISO 4014""}",bolt_b,abbreviation
cpse-00803,catalogue,GASKET-00803,SPIRAL WOUND GASKET DN50,"{""size"": ""DN50"", ""standard"": ""ASME B16.20""}",gasket,unit_format
cpse-07240,erp,NUT_M10-07240,CARBON STEEL HEX NUT M10 GRADE B,"{""grade"": ""B"", ""size"": ""M10"", ""standard"": ""ISO 4032""}",nut_m10,near_duplicate
cpse-03818,catalogue,BOLT_C-03818,STL BLT M10 GR C,"{""grade"": ""C"", ""size"": ""M10"", ""standard"": ""ISO 4014""}",bolt_c,abbreviation
cpse-05583,maintenance,BOLT_M12-05583,MATÉRIEL STEEL BOLT M12 GRADE B,"{""grade"": ""B"", ""size"": ""M12"", ""standard"": ""ISO 4014""}",bolt_m12,multilingual
cpse-00588,maintenance,UNRELATED_48-00588,UNRELATED MATERIAL 48 CERAMIC LINER,"{""size"": ""148 mm"", ""standard"": ""CPSE-OTHER""}",unrelated_48,unrelated
cpse-02409,maintenance,BEARING-02409,DEEP GROOVE BALL BEARING 6205,"{""size"": ""6205"", ""standard"": ""ISO 15""}",bearing,exact
cpse-06313,erp,BOLT_B-06313,STEEL FASTENER M10 GRADE B,"{""grade"": ""B"", ""size"": ""M10"", ""standard"": ""ISO 4014""}",bolt_b,terminology
cpse-04065,maintenance,BEARING-04065,DEEP GROOVE BALL BEARING 6205,"{""size"": ""6205"", ""standard"": ""ISO 15""}",bearing,unit_format
cpse-01673,catalogue,UNRELATED_139-01673,UNRELATED MATERIAL 139 CERAMIC LINER,"{""size"": ""239 mm"", ""standard"": ""CPSE-OTHER""}",unrelated_139,unrelated
cpse-08315,catalogue,GASKET-08315,SPIRAL WOUND GASKET DN50,"{""size"": ""DN50"", ""standard"": ""ASME B16.20""}",gasket,terminology
cpse-08314,erp,FLANGE-08314,WELD NECK FLANGE DN50 PN16,"{""pressure"": ""PN16"", ""size"": ""DN50"", ""standard"": ""EN 1092""}",flange,unit_format
cpse-09397,erp,BOLT_B-09397,STL BLT M10 GR B,"{""grade"": ""B"", ""size"": ""M10"", ""standard"": ""ISO 4014""}",bolt_b,abbreviation
cpse-08384,catalogue,CABLE-08384,POWER CABLE 4 CORE 240VAC,"{""size"": ""4 core"", ""voltage"": ""240 V""}",cable,unit_format
cpse-01042,erp,FLANGE-01042,WELD NECK FLANGE DN50 PN16,"{""pressure"": ""PN16"", ""size"": ""DN50"", ""standard"": ""EN 1092""}",flange,terminology
cpse-05176,erp,NUT_M10-05176,STL HEX NUT M10 GR B,"{""grade"": ""B"", ""size"": ""M10"", ""standard"": ""ISO 4032""}",nut_m10,abbreviation
cpse-06042,maintenance,PIPE-06042,CARBON STEEL PIPE 50 MM SCH 40,"{""size"": ""50 mm"", ""standard"": ""ASTM A106""}",pipe,exact
cpse-08454,maintenance,PIPE-08454,CARBON STEEL PIPE 50mm SCH 40,"{""size"": ""50 mm"", ""standard"": ""ASTM A106""}",pipe,unit_format
cpse-08907,maintenance,BOLT_M12-08907,STL BLT M12 GR B,"{""grade"": ""B"", ""size"": ""M12"", ""standard"": ""ISO 4014""}",bolt_m12,abbreviation
cpse-01263,maintenance,BOLT_M12-01263,STL BLT M12 GR B,"{""grade"": ""B"", ""size"": ""M12"", ""standard"": ""ISO 4014""}",bolt_m12,abbreviation
cpse-01630,erp,FLANGE-01630,WELD NECK FLANGE DN50 PN16,"{""pressure"": ""PN16"", ""size"": ""DN50"", ""standard"": ""EN 1092""}",flange,terminology
cpse-01476,maintenance,MOTOR-01476,INDUCTION MOTOR 5 KW 415 V,"{""size"": ""5 kW"", ""voltage"": ""415 V""}",motor,terminology
cpse-00116,catalogue,CABLE-00116,CÂBLE PUISSANCE 4 ÂMES 240 V,"{""size"": ""4 core"", ""voltage"": ""240 V""}",cable,multilingual
cpse-01646,catalogue,BOLT_C-01646,STEEL BOLT M10 GRADE C,"{""grade"": ""C"", ""size"": ""M10"", ""standard"": ""ISO 4014""}",bolt_c,exact
cpse-01363,erp,VALVE-01363,GATE VALVE 50mm 150 PSI,"{""pressure"": ""150 psi"", ""size"": ""50 mm"", ""standard"": ""API 600""}",valve,unit_format
cpse-08160,maintenance,MOTOR-08160,INDUCTION MOTOR 5 KW 415 V,"{""size"": ""5 kW"", ""voltage"": ""415 V""}",motor,unit_format
cpse-00946,erp,FLANGE-00946,WELD NECK FLANGE DN50 PN16,"{""pressure"": ""PN16"", ""size"": ""DN50"", ""standard"": ""EN 1092""}",flange,exact
cpse-01230,maintenance,PIPE-01230,CARBON STEEL PIPE 50mm SCH 40,"{""size"": ""50 mm"", ""standard"": ""ASTM A106""}",pipe,unit_format
cpse-07934,catalogue,BOLT_C-07934,STL BLT M10 GR C,"{""grade"": ""C"", ""size"": ""M10"", ""standard"": ""ISO 4014""}",bolt_c,abbreviation
cpse-08944,erp,NUT_M10-08944,STEEL HEX NUT 10 mm GRADE B,"{""grade"": ""B"", ""size"": ""M10"", ""standard"": ""ISO 4032""}",nut_m10,unit_format
cpse-03754,erp,FLANGE-03754,WELD NECK FLANGE DN50 PN16,"{""pressure"": ""PN16"", ""size"": ""DN50"", ""standard"": ""EN 1092""}",flange,near_duplicate
cpse-09432,maintenance,MOTOR-09432,INDUCTION MOTOR 5 KW 415 V,"{""size"": ""5 kW"", ""voltage"": ""415 V""}",motor,abbreviation
cpse-01917,maintenance,BEARING-01917,DEEP GROOVE BALL BEARING 6205,"{""size"": ""6205"", ""standard"": ""ISO 15""}",bearing,terminology
cpse-03740,catalogue,CABLE-03740,POWER CABLE 4 CORE 240 V,"{""size"": ""4 core"", ""voltage"": ""240 V""}",cable,near_duplicate
cpse-05627,catalogue,GASKET-05627,SPIRAL WOUND GASKET DN50,"{""size"": ""DN50"", ""standard"": ""ASME B16.20""}",gasket,terminology
cpse-06455,catalogue,GASKET-06455,SPIRAL WOUND GASKET DN50,"{""size"": ""DN50"", ""standard"": ""ASME B16.20""}",gasket,exact
cpse-09208,erp,NUT_M10-09208,STL HEX NUT M10 GR B,"{""grade"": ""B"", ""size"": ""M10"", ""standard"": ""ISO 4032""}",nut_m10,abbreviation
cpse-04882,erp,FLANGE-04882,WELD NECK FLANGE DN50 PN16,"{""pressure"": ""PN16"", ""size"": ""DN50"", ""standard"": ""EN 1092""}",flange,abbreviation
cpse-05632,erp,NUT_M10-05632,MATÉRIEL STEEL HEX NUT M10 GRADE B,"{""grade"": ""B"", ""size"": ""M10"", ""standard"": ""ISO 4032""}",nut_m10,multilingual
cpse-08190,maintenance,UNRELATED_682-08190,UNRELATED MATERIAL 682 CERAMIC LINER,"{""size"": ""782 mm"", ""standard"": ""CPSE-OTHER""}",unrelated_682,unrelated
cpse-07735,erp,UNRELATED_644-07735,UNRELATED MATERIAL 644 CERAMIC LINER,"{""size"": ""744 mm"", ""standard"": ""CPSE-OTHER""}",unrelated_644,unrelated
cpse-00665,catalogue,UNRELATED_55-00665,UNRELATED MATERIAL 55 CERAMIC LINER,"{""size"": ""155 mm"", ""standard"": ""CPSE-OTHER""}",unrelated_55,unrelated
cpse-03318,maintenance,UNRELATED_276-03318,UNRELATED MATERIAL 276 CERAMIC LINER,"{""size"": ""376 mm"", ""standard"": ""CPSE-OTHER""}",unrelated_276,unrelated
cpse-04405,erp,BOLT_B-04405,CARBON STEEL HEX BOLT M10 GRADE B,"{""grade"": ""B"", ""size"": ""M10"", ""standard"": ""ISO 4014""}",bolt_b,near_duplicate
cpse-00969,maintenance,BEARING-00969,DEEP GROOVE BALL BEARING 6205,"{""size"": ""6205"", ""standard"": ""ISO 15""}",bearing,abbreviation
cpse-05998,erp,FLANGE-05998,WELD NECK FLANGE DN50 PN16,"{""pressure"": ""PN16"", ""size"": ""DN50"", ""standard"": ""EN 1092""}",flange,terminology
cpse-04066,erp,FLANGE-04066,WELD NECK FLANGE DN50 PN16,"{""pressure"": ""PN16"", ""size"": ""DN50"", ""standard"": ""EN 1092""}",flange,terminology
cpse-00529,erp,BOLT_B-00529,БОЛТ СТАЛЬ M10 КЛАСС B,"{""grade"": ""B"", ""size"": ""M10"", ""standard"": ""ISO 4014""}",bolt_b,multilingual
cpse-05819,catalogue,GASKET-05819,SPIRAL WOUND GASKET DN50,"{""size"": ""DN50"", ""standard"": ""ASME B16.20""}",gasket,near_duplicate
cpse-05652,maintenance,MOTOR-05652,INDUCTION MOTOR 5 KW 415 V,"{""size"": ""5 kW"", ""voltage"": ""415 V""}",motor,abbreviation
cpse-04332,maintenance,MOTOR-04332,INDUCTION MOTOR 5 KW 415 V,"{""size"": ""5 kW"", ""voltage"": ""415 V""}",motor,terminology
cpse-08906,catalogue,BOLT_C-08906,CARBON STEEL HEX BOLT M10 GRADE C,"{""grade"": ""C"", ""size"": ""M10"", ""standard"": ""ISO 4014""}",bolt_c,near_duplicate
cpse-01169,catalogue,UNRELATED_97-01169,UNRELATED MATERIAL 97 CERAMIC LINER,"{""size"": ""197 mm"", ""standard"": ""CPSE-OTHER""}",unrelated_97,unrelated
cpse-01168,erp,NUT_M10-01168,STEEL HEX NUT M10 GRADE B,"{""grade"": ""B"", ""size"": ""M10"", ""standard"": ""ISO 4032""}",nut_m10,terminology
cpse-02883,maintenance,BOLT_M12-02883,STEEL FASTENER M12 GRADE B,"{""grade"": ""B"", ""size"": ""M12"", ""standard"": ""ISO 4014""}",bolt_m12,terminology
cpse-05423,catalogue,GASKET-05423,SPIRAL WOUND GASKET DN50,"{""size"": ""DN50"", ""standard"": ""ASME B16.20""}",gasket,unit_format
cpse-08527,erp,VALVE-08527,GATE VALVE 50 MM 150 PSI,"{""pressure"": ""150 psi"", ""size"": ""50 mm"", ""standard"": ""API 600""}",valve,exact
cpse-08630,catalogue,BOLT_C-08630,STEEL FASTENER M10 GRADE C,"{""grade"": ""C"", ""size"": ""M10"", ""standard"": ""ISO 4014""}",bolt_c,terminology
cpse-07668,maintenance,MOTOR-07668,INDUCTION MOTOR 5 KW 415 V,"{""size"": ""5 kW"", ""voltage"": ""415 V""}",motor,abbreviation
cpse-06146,catalogue,UNRELATED_512-06146,UNRELATED MATERIAL 512 CERAMIC LINER,"{""size"": ""612 mm"", ""standard"": ""CPSE-OTHER""}",unrelated_512,unrelated
cpse-02574,maintenance,PIPE-02574,CARBON STEEL PIPE 50mm SCH 40,"{""size"": ""50 mm"", ""standard"": ""ASTM A106""}",pipe,unit_format
cpse-05001,maintenance,BEARING-05001,DEEP GROOVE BALL BEARING 6205,"{""size"": ""6205"", ""standard"": ""ISO 15""}",bearing,abbreviation
cpse-05133,maintenance,BEARING-05133,DEEP GROOVE BALL BEARING 6205,"{""size"": ""6205"", ""standard"": ""ISO 15""}",bearing,near_duplicate
cpse-03714,maintenance,PIPE-03714,TUBO ACERO CARBONO 50 MM SCH 40,"{""size"": ""50 mm"", ""standard"": ""ASTM A106""}",pipe,multilingual
cpse-09002,catalogue,UNRELATED_750-09002,UNRELATED MATERIAL 750 CERAMIC LINER,"{""size"": ""850 mm"", ""standard"": ""CPSE-OTHER""}",unrelated_750,unrelated
cpse-03367,erp,UNRELATED_280-03367,UNRELATED MATERIAL 280 CERAMIC LINER,"{""size"": ""380 mm"", ""standard"": ""CPSE-OTHER""}",unrelated_280,unrelated
cpse-09781,erp,BOLT_B-09781,CARBON STEEL HEX BOLT M10 GRADE B,"{""grade"": ""B"", ""size"": ""M10"", ""standard"": ""ISO 4014""}",bolt_b,near_duplicate
cpse-09927,maintenance,BOLT_M12-09927,STEEL BOLT M12 GRADE B,"{""grade"": ""B"", ""size"": ""M12"", ""standard"": ""ISO 4014""}",bolt_m12,exact
cpse-07485,maintenance,BEARING-07485,DEEP GROOVE BALL BEARING 6205,"{""size"": ""6205"", ""standard"": ""ISO 15""}",bearing,near_duplicate
cpse-09563,catalogue,GASKET-09563,SPIRAL WOUND GASKET DN50,"{""size"": ""DN50"", ""standard"": ""ASME B16.20""}",gasket,exact
cpse-03946,erp,FLANGE-03946,WELD NECK FLANGE DN50 PN16,"{""pressure"": ""PN16"", ""size"": ""DN50"", ""standard"": ""EN 1092""}",flange,unit_format
cpse-03698,catalogue,BOLT_C-03698,CARBON STEEL HEX BOLT M10 GRADE C,"{""grade"": ""C"", ""size"": ""M10"", ""standard"": ""ISO 4014""}",bolt_c,near_duplicate
cpse-07551,maintenance,BOLT_M12-07551,STEEL BOLT M12 GRADE B,"{""grade"": ""B"", ""size"": ""M12"", ""standard"": ""ISO 4014""}",bolt_m12,unit_format
cpse-00132,maintenance,MOTOR-00132,INDUCTION MOTOR 5 KW 415 V,"{""size"": ""5 kW"", ""voltage"": ""415 V""}",motor,terminology
cpse-01984,erp,NUT_M10-01984,STL HEX NUT M10 GR B,"{""grade"": ""B"", ""size"": ""M10"", ""standard"": ""ISO 4032""}",nut_m10,abbreviation
cpse-04292,catalogue,CABLE-04292,POWER CABLE 4 CORE 240 V,"{""size"": ""4 core"", ""voltage"": ""240 V""}",cable,exact
cpse-01605,maintenance,BEARING-01605,DEEP GROOVE BALL BEARING 6205,"{""size"": ""6205"", ""standard"": ""ISO 15""}",bearing,near_duplicate
cpse-00742,erp,UNRELATED_61-00742,UNRELATED MATERIAL 61 CERAMIC LINER,"{""size"": ""161 mm"", ""standard"": ""CPSE-OTHER""}",unrelated_61,unrelated
cpse-09804,maintenance,MOTOR-09804,MATÉRIEL INDUCTION MOTOR 5 KW 415 V,"{""size"": ""5 kW"", ""voltage"": ""415 V""}",motor,multilingual
cpse-05404,erp,UNRELATED_450-05404,UNRELATED MATERIAL 450 CERAMIC LINER,"{""size"": ""550 mm"", ""standard"": ""CPSE-OTHER""}",unrelated_450,unrelated
cpse-09757,erp,BOLT_B-09757,STEEL FASTENER M10 GRADE B,"{""grade"": ""B"", ""size"": ""M10"", ""standard"": ""ISO 4014""}",bolt_b,terminology
cpse-08344,erp,UNRELATED_695-08344,UNRELATED MATERIAL 695 CERAMIC LINER,"{""size"": ""795 mm"", ""standard"": ""CPSE-OTHER""}",unrelated_695,unrelated
cpse-01606,erp,FLANGE-01606,WELD NECK FLANGE DN50 PN16,"{""pressure"": ""PN16"", ""size"": ""DN50"", ""standard"": ""EN 1092""}",flange,abbreviation
cpse-07782,maintenance,PIPE-07782,CARBON STEEL PIPE 50mm SCH 40,"{""size"": ""50 mm"", ""standard"": ""ASTM A106""}",pipe,unit_format
cpse-07206,maintenance,PIPE-07206,CARBON STL PIPE 50 MM SCH 40,"{""size"": ""50 mm"", ""standard"": ""ASTM A106""}",pipe,abbreviation
cpse-08523,maintenance,BOLT_M12-08523,MATÉRIEL STEEL BOLT M12 GRADE B,"{""grade"": ""B"", ""size"": ""M12"", ""standard"": ""ISO 4014""}",bolt_m12,multilingual
cpse-03978,maintenance,PIPE-03978,CARBON CARBON STEEL PIPE 50 MM SCH 40,"{""size"": ""50 mm"", ""standard"": ""ASTM A106""}",pipe,near_duplicate
cpse-05785,erp,BOLT_B-05785,STL BLT M10 GR B,"{""grade"": ""B"", ""size"": ""M10"", ""standard"": ""ISO 4014""}",bolt_b,abbreviation
cpse-04232,catalogue,CABLE-04232,CÂBLE PUISSANCE 4 ÂMES 240 V,"{""size"": ""4 core"", ""voltage"": ""240 V""}",cable,multilingual
cpse-01399,erp,VALVE-01399,GATE VALVE 50 MM 150 PSI,"{""pressure"": ""150 psi"", ""size"": ""50 mm"", ""standard"": ""API 600""}",valve,terminology
cpse-09649,erp,BOLT_B-09649,STL BLT M10 GR B,"{""grade"": ""B"", ""size"": ""M10"", ""standard"": ""ISO 4014""}",bolt_b,abbreviation
cpse-04743,maintenance,BOLT_M12-04743,MATÉRIEL STEEL BOLT M12 GRADE B,"{""grade"": ""B"", ""size"": ""M12"", ""standard"": ""ISO 4014""}",bolt_m12,multilingual
cpse-04941,maintenance,BEARING-04941,DEEP GROOVE BALL BEARING 6205,"{""size"": ""6205"", ""standard"": ""ISO 15""}",bearing,terminology
cpse-00741,maintenance,BEARING-00741,DEEP GROOVE BALL BEARING 6205,"{""size"": ""6205"", ""standard"": ""ISO 15""}",bearing,terminology
cpse-05032,erp,NUT_M10-05032,STEEL HEX NUT M10 GRADE B,"{""grade"": ""B"", ""size"": ""M10"", ""standard"": ""ISO 4032""}",nut_m10,terminology
cpse-06688,erp,NUT_M10-06688,STL HEX NUT M10 GR B,"{""grade"": ""B"", ""size"": ""M10"", ""standard"": ""ISO 4032""}",nut_m10,abbreviation
cpse-02052,maintenance,MOTOR-02052,INDUCTION MOTOR 5 KW 415 V,"{""size"": ""5 kW"", ""voltage"": ""415 V""}",motor,exact
cpse-09022,erp,FLANGE-09022,WELD NECK FLANGE DN50 PN16,"{""pressure"": ""PN16"", ""size"": ""DN50"", ""standard"": ""EN 1092""}",flange,terminology
cpse-05165,catalogue,WASHER-05165,STEEL WASHER M10,"{""size"": ""M10"", ""standard"": ""ISO 7089""}",washer,terminology
cpse-00746,catalogue,BOLT_C-00746,БОЛТ СТАЛЬ M10 КЛАСС C,"{""grade"": ""C"", ""size"": ""M10"", ""standard"": ""ISO 4014""}",bolt_c,multilingual
cpse-02213,catalogue,WASHER-02213,STEEL WASHER M10,"{""size"": ""M10"", ""standard"": ""ISO 7089""}",washer,exact
cpse-08238,maintenance,PIPE-08238,CARBON STEEL TUBE 50 MM SCH 40,"{""size"": ""50 mm"", ""standard"": ""ASTM A106""}",pipe,terminology
cpse-01393,erp,UNRELATED_116-01393,UNRELATED MATERIAL 116 CERAMIC LINER,"{""size"": ""216 mm"", ""standard"": ""CPSE-OTHER""}",unrelated_116,unrelated
cpse-05835,maintenance,BOLT_M12-05835,MATÉRIEL STEEL BOLT M12 GRADE B,"{""grade"": ""B"", ""size"": ""M12"", ""standard"": ""ISO 4014""}",bolt_m12,multilingual
cpse-04037,catalogue,WASHER-04037,STEEL WASHER 10 mm,"{""size"": ""M10"", ""standard"": ""ISO 7089""}",washer,unit_format
cpse-08154,maintenance,PIPE-08154,CARBON STEEL TUBE 50 MM SCH 40,"{""size"": ""50 mm"", ""standard"": ""ASTM A106""}",pipe,terminology
cpse-06818,catalogue,UNRELATED_568-06818,UNRELATED MATERIAL 568 CERAMIC LINER,"{""size"": ""668 mm"", ""standard"": ""CPSE-OTHER""}",unrelated_568,unrelated
cpse-09975,maintenance,UNRELATED_831-09975,UNRELATED MATERIAL 831 CERAMIC LINER,"{""size"": ""931 mm"", ""standard"": ""CPSE-OTHER""}",unrelated_831,unrelated
cpse-09153,maintenance,BEARING-09153,MATÉRIEL DEEP GROOVE BALL BEARING 6205,"{""size"": ""6205"", ""standard"": ""ISO 15""}",bearing,multilingual
cpse-07379,catalogue,GASKET-07379,SPIRAL WOUND GASKET DN50,"{""size"": ""DN50"", ""standard"": ""ASME B16.20""}",gasket,exact
cpse-00153,maintenance,BEARING-00153,DEEP GROOVE BALL BEARING 6205,"{""size"": ""6205"", ""standard"": ""ISO 15""}",bearing,terminology
cpse-09641,catalogue,WASHER-09641,CARBON STEEL WASHER M10,"{""size"": ""M10"", ""standard"": ""ISO 7089""}",washer,near_duplicate
cpse-03302,catalogue,BOLT_C-03302,STEEL BOLT 10 mm GRADE C,"{""grade"": ""C"", ""size"": ""M10"", ""standard"": ""ISO 4014""}",bolt_c,unit_format
cpse-02352,maintenance,UNRELATED_195-02352,UNRELATED MATERIAL 195 CERAMIC LINER,"{""size"": ""295 mm"", ""standard"": ""CPSE-OTHER""}",unrelated_195,unrelated
cpse-06956,catalogue,CABLE-06956,POWER CABLE 4 CORE 240VAC,"{""size"": ""4 core"", ""voltage"": ""240 V""}",cable,unit_format
cpse-06449,catalogue,WASHER-06449,CARBON STEEL WASHER M10,"{""size"": ""M10"", ""standard"": ""ISO 7089""}",washer,near_duplicate
cpse-01296,maintenance,MOTOR-01296,INDUCTION MOTOR 5 KW 415 V,"{""size"": ""5 kW"", ""voltage"": ""415 V""}",motor,exact
cpse-00264,maintenance,MOTOR-00264,INDUCTION MOTOR 5 KW 415 V,"{""size"": ""5 kW"", ""voltage"": ""415 V""}",motor,unit_format
cpse-02006,catalogue,BOLT_C-02006,БОЛТ СТАЛЬ M10 КЛАСС C,"{""grade"": ""C"", ""size"": ""M10"", ""standard"": ""ISO 4014""}",bolt_c,multilingual
cpse-07299,maintenance,BOLT_M12-07299,STEEL BOLT M12 GRADE B,"{""grade"": ""B"", ""size"": ""M12"", ""standard"": ""ISO 4014""}",bolt_m12,unit_format
cpse-08442,maintenance,UNRELATED_703-08442,UNRELATED MATERIAL 703 CERAMIC LINER,"{""size"": ""803 mm"", ""standard"": ""CPSE-OTHER""}",unrelated_703,unrelated
cpse-09012,maintenance,MOTOR-09012,INDUCTION MOTOR 5 KW 415 V,"{""size"": ""5 kW"", ""voltage"": ""415 V""}",motor,abbreviation
cpse-07996,erp,NUT_M10-07996,CARBON STEEL HEX NUT M10 GRADE B,"{""grade"": ""B"", ""size"": ""M10"", ""standard"": ""ISO 4032""}",nut_m10,near_duplicate
cpse-00650,catalogue,BOLT_C-00650,STEEL FASTENER M10 GRADE C,"{""grade"": ""C"", ""size"": ""M10"", ""standard"": ""ISO 4014""}",bolt_c,terminology
cpse-09136,erp,NUT_M10-09136,STEEL HEX NUT M10 GRADE B,"{""grade"": ""B"", ""size"": ""M10"", ""standard"": ""ISO 4032""}",nut_m10,exact
cpse-09858,maintenance,PIPE-09858,CARBON CARBON STEEL PIPE 50 MM SCH 40,"{""size"": ""50 mm"", ""standard"": ""ASTM A106""}",pipe,near_duplicate
cpse-06642,maintenance,PIPE-06642,CARBON STEEL TUBE 50 MM SCH 40,"{""size"": ""50 mm"", ""standard"": ""ASTM A106""}",pipe,terminology
cpse-08912,catalogue,CABLE-08912,POWER CABLE 4 CORE 240 V,"{""size"": ""4 core"", ""voltage"": ""240 V""}",cable,exact
cpse-06224,catalogue,CABLE-06224,POWER CABLE 4 CORE 240 V,"{""size"": ""4 core"", ""voltage"": ""240 V""}",cable,exact
cpse-00333,maintenance,BEARING-00333,MATÉRIEL DEEP GROOVE BALL BEARING 6205,"{""size"": ""6205"", ""standard"": ""ISO 15""}",bearing,multilingual
cpse-04895,catalogue,GASKET-04895,SPIRAL WOUND GASKET DN50,"{""size"": ""DN50"", ""standard"": ""ASME B16.20""}",gasket,near_duplicate
cpse-09016,erp,UNRELATED_751-09016,UNRELATED MATERIAL 751 CERAMIC LINER,"{""size"": ""851 mm"", ""standard"": ""CPSE-OTHER""}",unrelated_751,unrelated
cpse-02261,catalogue,UNRELATED_188-02261,UNRELATED MATERIAL 188 CERAMIC LINER,"{""size"": ""288 mm"", ""standard"": ""CPSE-OTHER""}",unrelated_188,unrelated
cpse-03117,maintenance,BEARING-03117,DEEP GROOVE BALL BEARING 6205,"{""size"": ""6205"", ""standard"": ""ISO 15""}",bearing,near_duplicate
cpse-01297,erp,BOLT_B-01297,CARBON STEEL HEX BOLT M10 GRADE B,"{""grade"": ""B"", ""size"": ""M10"", ""standard"": ""ISO 4014""}",bolt_b,near_duplicate
cpse-00929,catalogue,WASHER-00929,STEEL WASHER 10 mm,"{""size"": ""M10"", ""standard"": ""ISO 7089""}",washer,unit_format
cpse-07118,catalogue,BOLT_C-07118,STEEL FASTENER M10 GRADE C,"{""grade"": ""C"", ""size"": ""M10"", ""standard"": ""ISO 4014""}",bolt_c,terminology
cpse-07974,maintenance,PIPE-07974,CARBON STEEL PIPE 50 MM SCH 40,"{""size"": ""50 mm"", ""standard"": ""ASTM A106""}",pipe,exact
cpse-09485,catalogue,UNRELATED_790-09485,UNRELATED MATERIAL 790 CERAMIC LINER,"{""size"": ""890 mm"", ""standard"": ""CPSE-OTHER""}",unrelated_790,unrelated
cpse-08152,erp,NUT_M10-08152,MATÉRIEL STEEL HEX NUT M10 GRADE B,"{""grade"": ""B"", ""size"": ""M10"", ""standard"": ""ISO 4032""}",nut_m10,multilingual
cpse-00483,maintenance,UNRELATED_40-00483,UNRELATED MATERIAL 40 CERAMIC LINER,"{""size"": ""140 mm"", ""standard"": ""CPSE-OTHER""}",unrelated_40,unrelated
cpse-06970,erp,FLANGE-06970,WELD NECK FLANGE DN50 PN16,"{""pressure"": ""PN16"", ""size"": ""DN50"", ""standard"": ""EN 1092""}",flange,unit_format
cpse-05438,catalogue,BOLT_C-05438,STEEL FASTENER M10 GRADE C,"{""grade"": ""C"", ""size"": ""M10"", ""standard"": ""ISO 4014""}",bolt_c,terminology
cpse-08789,catalogue,WASHER-08789,MATÉRIEL STEEL WASHER M10,"{""size"": ""M10"", ""standard"": ""ISO 7089""}",washer,multilingual
cpse-06718,erp,FLANGE-06718,WELD NECK FLANGE DN50 PN16,"{""pressure"": ""PN16"", ""size"": ""DN50"", ""standard"": ""EN 1092""}",flange,unit_format
cpse-03985,erp,BOLT_B-03985,CARBON STEEL HEX BOLT M10 GRADE B,"{""grade"": ""B"", ""size"": ""M10"", ""standard"": ""ISO 4014""}",bolt_b,near_duplicate
cpse-05284,erp,NUT_M10-05284,STEEL HEX NUT M10 GRADE B,"{""grade"": ""B"", ""size"": ""M10"", ""standard"": ""ISO 4032""}",nut_m10,terminology
cpse-01679,catalogue,GASKET-01679,SPIRAL WOUND GASKET DN50,"{""size"": ""DN50"", ""standard"": ""ASME B16.20""}",gasket,terminology
cpse-00843,maintenance,BOLT_M12-00843,STL BLT M12 GR B,"{""grade"": ""B"", ""size"": ""M12"", ""standard"": ""ISO 4014""}",bolt_m12,abbreviation
cpse-07783,erp,VALVE-07783,GATE VALVE 50 MM 150 PSI,"{""pressure"": ""150 psi"", ""size"": ""50 mm"", ""standard"": ""API 600""}",valve,terminology
cpse-01667,catalogue,GASKET-01667,SPIRAL WOUND GASKET DN50,"{""size"": ""DN50"", ""standard"": ""ASME B16.20""}",gasket,exact
cpse-00123,maintenance,BOLT_M12-00123,MATÉRIEL STEEL BOLT M12 GRADE B,"{""grade"": ""B"", ""size"": ""M12"", ""standard"": ""ISO 4014""}",bolt_m12,multilingual
cpse-06614,catalogue,BOLT_C-06614,STEEL FASTENER M10 GRADE C,"{""grade"": ""C"", ""size"": ""M10"", ""standard"": ""ISO 4014""}",bolt_c,terminology
cpse-02184,maintenance,UNRELATED_181-02184,UNRELATED MATERIAL 181 CERAMIC LINER,"{""size"": ""281 mm"", ""standard"": ""CPSE-OTHER""}",unrelated_181,unrelated
cpse-03657,maintenance,BEARING-03657,DEEP GROOVE BALL BEARING 6205,"{""size"": ""6205"", ""standard"": ""ISO 15""}",bearing,abbreviation
cpse-07156,erp,NUT_M10-07156,CARBON STEEL HEX NUT M10 GRADE B,"{""grade"": ""B"", ""size"": ""M10"", ""standard"": ""ISO 4032""}",nut_m10,near_duplicate
cpse-04313,catalogue,WASHER-04313,STEEL WASHER M10,"{""size"": ""M10"", ""standard"": ""ISO 7089""}",washer,exact
cpse-01120,erp,UNRELATED_93-01120,UNRELATED MATERIAL 93 CERAMIC LINER,"{""size"": ""193 mm"", ""standard"": ""CPSE-OTHER""}",unrelated_93,unrelated
cpse-07691,catalogue,GASKET-07691,SPIRAL WOUND GASKET DN50,"{""size"": ""DN50"", ""standard"": ""ASME B16.20""}",gasket,unit_format
cpse-07840,erp,UNRELATED_653-07840,UNRELATED MATERIAL 653 CERAMIC LINER,"{""size"": ""753 mm"", ""standard"": ""CPSE-OTHER""}",unrelated_653,unrelated
cpse-05832,maintenance,MOTOR-05832,INDUCTION MOTOR 5 KW 415 V,"{""size"": ""5 kW"", ""voltage"": ""415 V""}",motor,exact
cpse-03312,maintenance,MOTOR-03312,INDUCTION MOTOR 5 KW 415 V,"{""size"": ""5 kW"", ""voltage"": ""415 V""}",motor,exact
cpse-02292,maintenance,MOTOR-02292,INDUCTION MOTOR 5 KW 415 V,"{""size"": ""5 kW"", ""voltage"": ""415 V""}",motor,abbreviation
cpse-07187,catalogue,GASKET-07187,SPIRAL WOUND GASKET DN50,"{""size"": ""DN50"", ""standard"": ""ASME B16.20""}",gasket,unit_format
cpse-07703,catalogue,GASKET-07703,SPIRAL WOUND GASKET DN50,"{""size"": ""DN50"", ""standard"": ""ASME B16.20""}",gasket,abbreviation
cpse-01767,maintenance,BOLT_M12-01767,STL BLT M12 GR B,"{""grade"": ""B"", ""size"": ""M12"", ""standard"": ""ISO 4014""}",bolt_m12,abbreviation
cpse-01934,catalogue,BOLT_C-01934,CARBON STEEL HEX BOLT M10 GRADE C,"{""grade"": ""C"", ""size"": ""M10"", ""standard"": ""ISO 4014""}",bolt_c,near_duplicate
cpse-08417,catalogue,WASHER-08417,STL WASHER M10,"{""size"": ""M10"", ""standard"": ""ISO 7089""}",washer,abbreviation
cpse-06964,erp,NUT_M10-06964,STEEL HEX NUT M10 GRADE B,"{""grade"": ""B"", ""size"": ""M10"", ""standard"": ""ISO 4032""}",nut_m10,terminology
cpse-07971,maintenance,BOLT_M12-07971,STEEL BOLT M12 GRADE B,"{""grade"": ""B"", ""size"": ""M12"", ""standard"": ""ISO 4014""}",bolt_m12,unit_format
cpse-03791,catalogue,GASKET-03791,MATÉRIEL SPIRAL WOUND GASKET DN50,"{""size"": ""DN50"", ""standard"": ""ASME B16.20""}",gasket,multilingual
cpse-09234,maintenance,PIPE-09234,CARBON STEEL PIPE 50 MM SCH 40,"{""size"": ""50 mm"", ""standard"": ""ASTM A106""}",pipe,exact
cpse-05387,catalogue,GASKET-05387,MATÉRIEL SPIRAL WOUND GASKET DN50,"{""size"": ""DN50"", ""standard"": ""ASME B16.20""}",gasket,multilingual
cpse-07862,catalogue,BOLT_C-07862,STEEL BOLT M10 GRADE C,"{""grade"": ""C"", ""size"": ""M10"", ""standard"": ""ISO 4014""}",bolt_c,exact
cpse-06046,erp,FLANGE-06046,WELD NECK FLANGE DN50 PN16,"{""pressure"": ""PN16"", ""size"": ""DN50"", ""standard"": ""EN 1092""}",flange,unit_format
cpse-07234,erp,FLANGE-07234,WELD NECK FLANGE DN50 PN16,"{""pressure"": ""PN16"", ""size"": ""DN50"", ""standard"": ""EN 1092""}",flange,abbreviation
cpse-01256,catalogue,CABLE-01256,POWER CABLE 4 CORE 240 V,"{""size"": ""4 core"", ""voltage"": ""240 V""}",cable,abbreviation
cpse-05097,maintenance,BEARING-05097,DEEP GROOVE BALL BEARING 6205,"{""size"": ""6205"", ""standard"": ""ISO 15""}",bearing,exact
cpse-00525,maintenance,UNRELATED_43-00525,UNRELATED MATERIAL 43 CERAMIC LINER,"{""size"": ""143 mm"", ""standard"": ""CPSE-OTHER""}",unrelated_43,unrelated
cpse-06561,maintenance,BEARING-06561,DEEP GROOVE BALL BEARING 6205,"{""size"": ""6205"", ""standard"": ""ISO 15""}",bearing,near_duplicate
cpse-01735,erp,VALVE-01735,GATE VALVE 50 MM 150 PSI,"{""pressure"": ""150 psi"", ""size"": ""50 mm"", ""standard"": ""API 600""}",valve,terminology
cpse-04304,catalogue,CABLE-04304,POWER CABLE 4 CORE 240 V,"{""size"": ""4 core"", ""voltage"": ""240 V""}",cable,terminology
cpse-09902,catalogue,BOLT_C-09902,БОЛТ СТАЛЬ M10 КЛАСС C,"{""grade"": ""C"", ""size"": ""M10"", ""standard"": ""ISO 4014""}",bolt_c,multilingual
cpse-08416,erp,NUT_M10-08416,CARBON STEEL HEX NUT M10 GRADE B,"{""grade"": ""B"", ""size"": ""M10"", ""standard"": ""ISO 4032""}",nut_m10,near_duplicate
cpse-01802,catalogue,BOLT_C-01802,STL BLT M10 GR C,"{""grade"": ""C"", ""size"": ""M10"", ""standard"": ""ISO 4014""}",bolt_c,abbreviation
cpse-03979,erp,VALVE-03979,GATE VALVE 50 MM 150 PSI,"{""pressure"": ""150 psi"", ""size"": ""50 mm"", ""standard"": ""API 600""}",valve,abbreviation
cpse-00485,catalogue,WASHER-00485,CARBON STEEL WASHER M10,"{""size"": ""M10"", ""standard"": ""ISO 7089""}",washer,near_duplicate
cpse-02291,catalogue,GASKET-02291,SPIRAL WOUND GASKET DN50,"{""size"": ""DN50"", ""standard"": ""ASME B16.20""}",gasket,near_duplicate
cpse-09499,erp,UNRELATED_791-09499,UNRELATED MATERIAL 791 CERAMIC LINER,"{""size"": ""891 mm"", ""standard"": ""CPSE-OTHER""}",unrelated_791,unrelated
cpse-05291,catalogue,GASKET-05291,SPIRAL WOUND GASKET DN50,"{""size"": ""DN50"", ""standard"": ""ASME B16.20""}",gasket,terminology
cpse-02266,erp,FLANGE-02266,WELD NECK FLANGE DN50 PN16,"{""pressure"": ""PN16"", ""size"": ""DN50"", ""standard"": ""EN 1092""}",flange,unit_format
cpse-02459,catalogue,GASKET-02459,SPIRAL WOUND GASKET DN50,"{""size"": ""DN50"", ""standard"": ""ASME B16.20""}",gasket,near_duplicate
cpse-08510,catalogue,BOLT_C-08510,STEEL BOLT 10 mm GRADE C,"{""grade"": ""C"", ""size"": ""M10"", ""standard"": ""ISO 4014""}",bolt_c,unit_format
cpse-08387,catalogue,GASKET-08387,SPIRAL WOUND GASKET DN50,"{""size"": ""DN50"", ""standard"": ""ASME B16.20""}",gasket,exact
cpse-00599,catalogue,GASKET-00599,MATÉRIEL SPIRAL WOUND GASKET DN50,"{""size"": ""DN50"", ""standard"": ""ASME B16.20""}",gasket,multilingual
cpse-01631,catalogue,UNRELATED_135-01631,UNRELATED MATERIAL 135 CERAMIC LINER,"{""size"": ""235 mm"", ""standard"": ""CPSE-OTHER""}",unrelated_135,unrelated
cpse-08973,maintenance,BEARING-08973,DEEP GROOVE BALL BEARING 6205,"{""size"": ""6205"", ""standard"": ""ISO 15""}",bearing,terminology
cpse-04329,maintenance,BEARING-04329,DEEP GROOVE BALL BEARING 6205,"{""size"": ""6205"", ""standard"": ""ISO 15""}",bearing,abbreviation
cpse-06714,maintenance,PIPE-06714,CARBON STEEL PIPE 50 MM SCH 40,"{""size"": ""50 mm"", ""standard"": ""ASTM A106""}",pipe,exact
cpse-07619,catalogue,GASKET-07619,SPIRAL WOUND GASKET DN50,"{""size"": ""DN50"", ""standard"": ""ASME B16.20""}",gasket,abbreviation
cpse-05271,maintenance,UNRELATED_439-05271,UNRELATED MATERIAL 439 CERAMIC LINER,"{""size"": ""539 mm"", ""standard"": ""CPSE-OTHER""}",unrelated_439,unrelated
cpse-03750,maintenance,PIPE-03750,CARBON STEEL PIPE 50mm SCH 40,"{""size"": ""50 mm"", ""standard"": ""ASTM A106""}",pipe,unit_format
cpse-03692,catalogue,CABLE-03692,POWER CABLE 4 CORE 240 V,"{""size"": ""4 core"", ""voltage"": ""240 V""}",cable,abbreviation
cpse-05410,erp,FLANGE-05410,WELD NECK FLANGE DN50 PN16,"{""pressure"": ""PN16"", ""size"": ""DN50"", ""standard"": ""EN 1092""}",flange,terminology
cpse-04544,catalogue,CABLE-04544,POWER CABLE 4 CORE 240 V,"{""size"": ""4 core"", ""voltage"": ""240 V""}",cable,exact
cpse-02697,maintenance,BEARING-02697,DEEP GROOVE BALL BEARING 6205,"{""size"": ""6205"", ""standard"": ""ISO 15""}",bearing,near_duplicate
cpse-06559,erp,UNRELATED_546-06559,UNRELATED MATERIAL 546 CERAMIC LINER,"{""size"": ""646 mm"", ""standard"": ""CPSE-OTHER""}",unrelated_546,unrelated
cpse-00899,catalogue,GASKET-00899,SPIRAL WOUND GASKET DN50,"{""size"": ""DN50"", ""standard"": ""ASME B16.20""}",gasket,abbreviation
cpse-09070,erp,FLANGE-09070,WELD NECK FLANGE DN50 PN16,"{""pressure"": ""PN16"", ""size"": ""DN50"", ""standard"": ""EN 1092""}",flange,unit_format
cpse-09520,erp,UNRELATED_793-09520,UNRELATED MATERIAL 793 CERAMIC LINER,"{""size"": ""893 mm"", ""standard"": ""CPSE-OTHER""}",unrelated_793,unrelated
cpse-08845,erp,BOLT_B-08845,БОЛТ СТАЛЬ M10 КЛАСС B,"{""grade"": ""B"", ""size"": ""M10"", ""standard"": ""ISO 4014""}",bolt_b,multilingual
cpse-01622,catalogue,BOLT_C-01622,STEEL BOLT 10 mm GRADE C,"{""grade"": ""C"", ""size"": ""M10"", ""standard"": ""ISO 4014""}",bolt_c,unit_format
cpse-08835,maintenance,BOLT_M12-08835,STEEL BOLT M12 GRADE B,"{""grade"": ""B"", ""size"": ""M12"", ""standard"": ""ISO 4014""}",bolt_m12,exact
cpse-06399,maintenance,BOLT_M12-06399,STEEL BOLT M12 GRADE B,"{""grade"": ""B"", ""size"": ""M12"", ""standard"": ""ISO 4014""}",bolt_m12,exact
cpse-07356,maintenance,MOTOR-07356,INDUCTION MOTOR 5 KW 415 V,"{""size"": ""5 kW"", ""voltage"": ""415 V""}",motor,terminology
cpse-04647,maintenance,BOLT_M12-04647,STEEL FASTENER M12 GRADE B,"{""grade"": ""B"", ""size"": ""M12"", ""standard"": ""ISO 4014""}",bolt_m12,terminology
cpse-06134,catalogue,BOLT_C-06134,CARBON STEEL HEX BOLT M10 GRADE C,"{""grade"": ""C"", ""size"": ""M10"", ""standard"": ""ISO 4014""}",bolt_c,near_duplicate
cpse-08550,maintenance,PIPE-08550,CARBON STL PIPE 50 MM SCH 40,"{""size"": ""50 mm"", ""standard"": ""ASTM A106""}",pipe,abbreviation
cpse-00345,maintenance,BEARING-00345,DEEP GROOVE BALL BEARING 6205,"{""size"": ""6205"", ""standard"": ""ISO 15""}",bearing,near_duplicate
cpse-03246,maintenance,PIPE-03246,CARBON STEEL PIPE 50mm SCH 40,"{""size"": ""50 mm"", ""standard"": ""ASTM A106""}",pipe,unit_format
cpse-05290,erp,FLANGE-05290,WELD NECK FLANGE DN50 PN16,"{""pressure"": ""PN16"", ""size"": ""DN50"", ""standard"": ""EN 1092""}",flange,unit_format
cpse-01986,maintenance,PIPE-01986,CARBON STEEL PIPE 50mm SCH 40,"{""size"": ""50 mm"", ""standard"": ""ASTM A106""}",pipe,unit_format
cpse-08032,erp,NUT_M10-08032,STL HEX NUT M10 GR B,"{""grade"": ""B"", ""size"": ""M10"", ""standard"": ""ISO 4032""}",nut_m10,abbreviation
cpse-09789,maintenance,BEARING-09789,DEEP GROOVE BALL BEARING 6205,"{""size"": ""6205"", ""standard"": ""ISO 15""}",bearing,abbreviation
cpse-07761,maintenance,BEARING-07761,DEEP GROOVE BALL BEARING 6205,"{""size"": ""6205"", ""standard"": ""ISO 15""}",bearing,unit_format
cpse-03579,maintenance,BOLT_M12-03579,CARBON STEEL HEX BOLT M12 GRADE B,"{""grade"": ""B"", ""size"": ""M12"", ""standard"": ""ISO 4014""}",bolt_m12,near_duplicate
cpse-09950,catalogue,BOLT_C-09950,STL BLT M10 GR C,"{""grade"": ""C"", ""size"": ""M10"", ""standard"": ""ISO 4014""}",bolt_c,abbreviation
cpse-05674,erp,FLANGE-05674,MATÉRIEL WELD NECK FLANGE DN50 PN16,"{""pressure"": ""PN16"", ""size"": ""DN50"", ""standard"": ""EN 1092""}",flange,multilingual
cpse-00495,maintenance,BOLT_M12-00495,STEEL BOLT M12 GRADE B,"{""grade"": ""B"", ""size"": ""M12"", ""standard"": ""ISO 4014""}",bolt_m12,unit_format
cpse-08961,maintenance,BEARING-08961,DEEP GROOVE BALL BEARING 6205,"{""size"": ""6205"", ""standard"": ""ISO 15""}",bearing,exact
cpse-08157,maintenance,BEARING-08157,DEEP GROOVE BALL BEARING 6205,"{""size"": ""6205"", ""standard"": ""ISO 15""}",bearing,near_duplicate
cpse-07005,maintenance,BEARING-07005,DEEP GROOVE BALL BEARING 6205,"{""size"": ""6205"", ""standard"": ""ISO 15""}",bearing,unit_format
cpse-02328,maintenance,MOTOR-02328,MATÉRIEL INDUCTION MOTOR 5 KW 415 V,"{""size"": ""5 kW"", ""voltage"": ""415 V""}",motor,multilingual
cpse-02113,erp,BOLT_B-02113,STEEL FASTENER M10 GRADE B,"{""grade"": ""B"", ""size"": ""M10"", ""standard"": ""ISO 4014""}",bolt_b,terminology
cpse-08677,erp,BOLT_B-08677,БОЛТ СТАЛЬ M10 КЛАСС B,"{""grade"": ""B"", ""size"": ""M10"", ""standard"": ""ISO 4014""}",bolt_b,multilingual
cpse-02705,catalogue,WASHER-02705,STL WASHER M10,"{""size"": ""M10"", ""standard"": ""ISO 7089""}",washer,abbreviation
cpse-05765,catalogue,WASHER-05765,MATÉRIEL STEEL WASHER M10,"{""size"": ""M10"", ""standard"": ""ISO 7089""}",washer,multilingual
cpse-06832,erp,UNRELATED_569-06832,UNRELATED MATERIAL 569 CERAMIC LINER,"{""size"": ""669 mm"", ""standard"": ""CPSE-OTHER""}",unrelated_569,unrelated
cpse-04607,catalogue,GASKET-04607,SPIRAL WOUND GASKET DN50,"{""size"": ""DN50"", ""standard"": ""ASME B16.20""}",gasket,exact
cpse-01954,erp,FLANGE-01954,WELD NECK FLANGE DN50 PN16,"{""pressure"": ""PN16"", ""size"": ""DN50"", ""standard"": ""EN 1092""}",flange,exact
cpse-02717,catalogue,WASHER-02717,STEEL WASHER M10,"{""size"": ""M10"", ""standard"": ""ISO 7089""}",washer,exact
cpse-07192,erp,NUT_M10-07192,STL HEX NUT M10 GR B,"{""grade"": ""B"", ""size"": ""M10"", ""standard"": ""ISO 4032""}",nut_m10,abbreviation
cpse-00214,erp,FLANGE-00214,MATÉRIEL WELD NECK FLANGE DN50 PN16,"{""pressure"": ""PN16"", ""size"": ""DN50"", ""standard"": ""EN 1092""}",flange,multilingual
cpse-03803,catalogue,GASKET-03803,SPIRAL WOUND GASKET DN50,"{""size"": ""DN50"", ""standard"": ""ASME B16.20""}",gasket,near_duplicate
cpse-00684,maintenance,MOTOR-00684,INDUCTION MOTOR 5 KW 415 V,"{""size"": ""5 kW"", ""voltage"": ""415 V""}",motor,unit_format
cpse-04126,erp,FLANGE-04126,WELD NECK FLANGE DN50 PN16,"{""pressure"": ""PN16"", ""size"": ""DN50"", ""standard"": ""EN 1092""}",flange,abbreviation
cpse-09980,catalogue,CABLE-09980,POWER CABLE 4 CORE 240VAC,"{""size"": ""4 core"", ""voltage"": ""240 V""}",cable,unit_format
cpse-02507,catalogue,GASKET-02507,SPIRAL WOUND GASKET DN50,"{""size"": ""DN50"", ""standard"": ""ASME B16.20""}",gasket,exact
cpse-09201,maintenance,BEARING-09201,DEEP GROOVE BALL BEARING 6205,"{""size"": ""6205"", ""standard"": ""ISO 15""}",bearing,abbreviation
cpse-09382,erp,FLANGE-09382,WELD NECK FLANGE DN50 PN16,"{""pressure"": ""PN16"", ""size"": ""DN50"", ""standard"": ""EN 1092""}",flange,near_duplicate
cpse-06492,maintenance,MOTOR-06492,INDUCTION MOTOR 5 KW 415 V,"{""size"": ""5 kW"", ""voltage"": ""415 V""}",motor,abbreviation
cpse-03240,maintenance,MOTOR-03240,INDUCTION MOTOR 5 KW 415 V,"{""size"": ""5 kW"", ""voltage"": ""415 V""}",motor,terminology
cpse-07622,catalogue,BOLT_C-07622,STEEL FASTENER M10 GRADE C,"{""grade"": ""C"", ""size"": ""M10"", ""standard"": ""ISO 4014""}",bolt_c,terminology
cpse-05461,erp,BOLT_B-05461,STEEL BOLT M10 GRADE B,"{""grade"": ""B"", ""size"": ""M10"", ""standard"": ""ISO 4014""}",bolt_b,exact
cpse-01360,erp,NUT_M10-01360,CARBON STEEL HEX NUT M10 GRADE B,"{""grade"": ""B"", ""size"": ""M10"", ""standard"": ""ISO 4032""}",nut_m10,near_duplicate
cpse-04542,maintenance,PIPE-04542,CARBON STEEL TUBE 50 MM SCH 40,"{""size"": ""50 mm"", ""standard"": ""ASTM A106""}",pipe,terminology
cpse-01602,maintenance,PIPE-01602,CARBON STEEL TUBE 50 MM SCH 40,"{""size"": ""50 mm"", ""standard"": ""ASTM A106""}",pipe,terminology
cpse-06887,catalogue,GASKET-06887,SPIRAL WOUND GASKET DN50,"{""size"": ""DN50"", ""standard"": ""ASME B16.20""}",gasket,terminology
cpse-08670,maintenance,PIPE-08670,TUBO ACERO CARBONO 50 MM SCH 40,"{""size"": ""50 mm"", ""standard"": ""ASTM A106""}",pipe,multilingual
cpse-07954,erp,FLANGE-07954,WELD NECK FLANGE DN50 PN16,"{""pressure"": ""PN16"", ""size"": ""DN50"", ""standard"": ""EN 1092""}",flange,near_duplicate
cpse-02355,maintenance,BOLT_M12-02355,STL BLT M12 GR B,"{""grade"": ""B"", ""size"": ""M12"", ""standard"": ""ISO 4014""}",bolt_m12,abbreviation
cpse-09990,maintenance,PIPE-09990,CARBON STEEL PIPE 50 MM SCH 40,"{""size"": ""50 mm"", ""standard"": ""ASTM A106""}",pipe,exact
cpse-04939,erp,VALVE-04939,VÁLVULA COMPUERTA 50 MM 150 PSI,"{""pressure"": ""150 psi"", ""size"": ""50 mm"", ""standard"": ""API 600""}",valve,multilingual
cpse-03390,maintenance,PIPE-03390,CARBON CARBON STEEL PIPE 50 MM SCH 40,"{""size"": ""50 mm"", ""standard"": ""ASTM A106""}",pipe,near_duplicate
cpse-05433,maintenance,BEARING-05433,DEEP GROOVE BALL BEARING 6205,"{""size"": ""6205"", ""standard"": ""ISO 15""}",bearing,exact
cpse-02187,maintenance,BOLT_M12-02187,STL BLT M12 GR B,"{""grade"": ""B"", ""size"": ""M12"", ""standard"": ""ISO 4014""}",bolt_m12,abbreviation
cpse-06131,catalogue,GASKET-06131,SPIRAL WOUND GASKET DN50,"{""size"": ""DN50"", ""standard"": ""ASME B16.20""}",gasket,terminology
cpse-07521,maintenance,BEARING-07521,DEEP GROOVE BALL BEARING 6205,"{""size"": ""6205"", ""standard"": ""ISO 15""}",bearing,abbreviation
cpse-05257,erp,UNRELATED_438-05257,UNRELATED MATERIAL 438 CERAMIC LINER,"{""size"": ""538 mm"", ""standard"": ""CPSE-OTHER""}",unrelated_438,unrelated
cpse-07898,catalogue,BOLT_C-07898,CARBON STEEL HEX BOLT M10 GRADE C,"{""grade"": ""C"", ""size"": ""M10"", ""standard"": ""ISO 4014""}",bolt_c,near_duplicate
cpse-09461,catalogue,WASHER-09461,MATÉRIEL STEEL WASHER M10,"{""size"": ""M10"", ""standard"": ""ISO 7089""}",washer,multilingual
cpse-04318,erp,FLANGE-04318,WELD NECK FLANGE DN50 PN16,"{""pressure"": ""PN16"", ""size"": ""DN50"", ""standard"": ""EN 1092""}",flange,terminology
cpse-08462,catalogue,BOLT_C-08462,STEEL FASTENER M10 GRADE C,"{""grade"": ""C"", ""size"": ""M10"", ""standard"": ""ISO 4014""}",bolt_c,terminology
cpse-09642,maintenance,PIPE-09642,CARBON STL PIPE 50 MM SCH 40,"{""size"": ""50 mm"", ""standard"": ""ASTM A106""}",pipe,abbreviation
cpse-07320,maintenance,MOTOR-07320,INDUCTION MOTOR 5 KW 415 V,"{""size"": ""5 kW"", ""voltage"": ""415 V""}",motor,unit_format
cpse-08122,erp,FLANGE-08122,WELD NECK FLANGE DN50 PN16,"{""pressure"": ""PN16"", ""size"": ""DN50"", ""standard"": ""EN 1092""}",flange,near_duplicate
cpse-08583,maintenance,BOLT_M12-08583,STEEL BOLT M12 GRADE B,"{""grade"": ""B"", ""size"": ""M12"", ""standard"": ""ISO 4014""}",bolt_m12,exact
cpse-08011,erp,VALVE-08011,GATE VALVE 50 MM 150 PSI,"{""pressure"": ""150 psi"", ""size"": ""50 mm"", ""standard"": ""API 600""}",valve,abbreviation
cpse-04546,erp,FLANGE-04546,WELD NECK FLANGE DN50 PN16,"{""pressure"": ""PN16"", ""size"": ""DN50"", ""standard"": ""EN 1092""}",flange,abbreviation
cpse-05261,catalogue,WASHER-05261,MATÉRIEL STEEL WASHER M10,"{""size"": ""M10"", ""standard"": ""ISO 7089""}",washer,multilingual
cpse-04075,erp,VALVE-04075,GATE VALVE 50 MM 150 PSI,"{""pressure"": ""150 psi"", ""size"": ""50 mm"", ""standard"": ""API 600""}",valve,exact
cpse-06229,erp,BOLT_B-06229,STEEL FASTENER M10 GRADE B,"{""grade"": ""B"", ""size"": ""M10"", ""standard"": ""ISO 4014""}",bolt_b,terminology
cpse-05576,catalogue,CABLE-05576,CÂBLE PUISSANCE 4 ÂMES 240 V,"{""size"": ""4 core"", ""voltage"": ""240 V""}",cable,multilingual
cpse-03688,erp,NUT_M10-03688,STEEL HEX NUT M10 GRADE B,"{""grade"": ""B"", ""size"": ""M10"", ""standard"": ""ISO 4032""}",nut_m10,terminology
cpse-07092,maintenance,MOTOR-07092,INDUCTION MOTOR 5 KW 415 V,"{""size"": ""5 kW"", ""voltage"": ""415 V""}",motor,exact
cpse-04856,catalogue,CABLE-04856,POWER CABLE 4 CORE 240VAC,"{""size"": ""4 core"", ""voltage"": ""240 V""}",cable,unit_format
cpse-01213,erp,BOLT_B-01213,CARBON STEEL HEX BOLT M10 GRADE B,"{""grade"": ""B"", ""size"": ""M10"", ""standard"": ""ISO 4014""}",bolt_b,near_duplicate
cpse-04837,erp,UNRELATED_403-04837,UNRELATED MATERIAL 403 CERAMIC LINER,"{""size"": ""503 mm"", ""standard"": ""CPSE-OTHER""}",unrelated_403,unrelated
cpse-00582,maintenance,PIPE-00582,CARBON STEEL PIPE 50 MM SCH 40,"{""size"": ""50 mm"", ""standard"": ""ASTM A106""}",pipe,exact
cpse-09591,maintenance,BOLT_M12-09591,STEEL BOLT M12 GRADE B,"{""grade"": ""B"", ""size"": ""M12"", ""standard"": ""ISO 4014""}",bolt_m12,exact
cpse-05783,catalogue,GASKET-05783,SPIRAL WOUND GASKET DN50,"{""size"": ""DN50"", ""standard"": ""ASME B16.20""}",gasket,exact
cpse-05486,catalogue,BOLT_C-05486,STEEL BOLT 10 mm GRADE C,"{""grade"": ""C"", ""size"": ""M10"", ""standard"": ""ISO 4014""}",bolt_c,unit_format
cpse-08068,erp,NUT_M10-08068,MATÉRIEL STEEL HEX NUT M10 GRADE B,"{""grade"": ""B"", ""size"": ""M10"", ""standard"": ""ISO 4032""}",nut_m10,multilingual
cpse-09583,erp,UNRELATED_798-09583,UNRELATED MATERIAL 798 CERAMIC LINER,"{""size"": ""898 mm"", ""standard"": ""CPSE-OTHER""}",unrelated_798,unrelated
cpse-03324,maintenance,MOTOR-03324,INDUCTION MOTOR 5 KW 415 V,"{""size"": ""5 kW"", ""voltage"": ""415 V""}",motor,terminology
cpse-07796,catalogue,CABLE-07796,POWER CABLE 4 CORE 240VAC,"{""size"": ""4 core"", ""voltage"": ""240 V""}",cable,unit_format
cpse-04749,maintenance,BEARING-04749,DEEP GROOVE BALL BEARING 6205,"{""size"": ""6205"", ""standard"": ""ISO 15""}",bearing,abbreviation
cpse-02464,erp,UNRELATED_205-02464,UNRELATED MATERIAL 205 CERAMIC LINER,"{""size"": ""305 mm"", ""standard"": ""CPSE-OTHER""}",unrelated_205,unrelated
cpse-04321,erp,BOLT_B-04321,CARBON STEEL HEX BOLT M10 GRADE B,"{""grade"": ""B"", ""size"": ""M10"", ""standard"": ""ISO 4014""}",bolt_b,near_duplicate
cpse-02658,maintenance,PIPE-02658,CARBON STEEL PIPE 50mm SCH 40,"{""size"": ""50 mm"", ""standard"": ""ASTM A106""}",pipe,unit_format
cpse-06903,maintenance,BOLT_M12-06903,STEEL BOLT M12 GRADE B,"{""grade"": ""B"", ""size"": ""M12"", ""standard"": ""ISO 4014""}",bolt_m12,exact
cpse-08459,catalogue,GASKET-08459,SPIRAL WOUND GASKET DN50,"{""size"": ""DN50"", ""standard"": ""ASME B16.20""}",gasket,abbreviation
cpse-04935,maintenance,UNRELATED_411-04935,UNRELATED MATERIAL 411 CERAMIC LINER,"{""size"": ""511 mm"", ""standard"": ""CPSE-OTHER""}",unrelated_411,unrelated
cpse-09026,catalogue,BOLT_C-09026,STL BLT M10 GR C,"{""grade"": ""C"", ""size"": ""M10"", ""standard"": ""ISO 4014""}",bolt_c,abbreviation
cpse-06147,maintenance,BOLT_M12-06147,STEEL BOLT M12 GRADE B,"{""grade"": ""B"", ""size"": ""M12"", ""standard"": ""ISO 4014""}",bolt_m12,exact
cpse-07185,maintenance,BEARING-07185,DEEP GROOVE BALL BEARING 6205,"{""size"": ""6205"", ""standard"": ""ISO 15""}",bearing,abbreviation
cpse-08512,erp,UNRELATED_709-08512,UNRELATED MATERIAL 709 CERAMIC LINER,"{""size"": ""809 mm"", ""standard"": ""CPSE-OTHER""}",unrelated_709,unrelated
cpse-02931,maintenance,BOLT_M12-02931,STEEL BOLT M12 GRADE B,"{""grade"": ""B"", ""size"": ""M12"", ""standard"": ""ISO 4014""}",bolt_m12,unit_format
cpse-04627,erp,UNRELATED_385-04627,UNRELATED MATERIAL 385 CERAMIC LINER,"{""size"": ""485 mm"", ""standard"": ""CPSE-OTHER""}",unrelated_385,unrelated
cpse-05933,catalogue,WASHER-05933,MATÉRIEL STEEL WASHER M10,"{""size"": ""M10"", ""standard"": ""ISO 7089""}",washer,multilingual
cpse-08139,maintenance,BOLT_M12-08139,STEEL BOLT M12 GRADE B,"{""grade"": ""B"", ""size"": ""M12"", ""standard"": ""ISO 4014""}",bolt_m12,unit_format
cpse-04005,maintenance,BEARING-04005,DEEP GROOVE BALL BEARING 6205,"{""size"": ""6205"", ""standard"": ""ISO 15""}",bearing,exact
cpse-06721,erp,BOLT_B-06721,STEEL BOLT M10 GRADE B,"{""grade"": ""B"", ""size"": ""M10"", ""standard"": ""ISO 4014""}",bolt_b,exact
cpse-02882,catalogue,BOLT_C-02882,STEEL BOLT 10 mm GRADE C,"{""grade"": ""C"", ""size"": ""M10"", ""standard"": ""ISO 4014""}",bolt_c,unit_format
cpse-02029,erp,BOLT_B-02029,STEEL FASTENER M10 GRADE B,"{""grade"": ""B"", ""size"": ""M10"", ""standard"": ""ISO 4014""}",bolt_b,terminology
cpse-04263,maintenance,UNRELATED_355-04263,UNRELATED MATERIAL 355 CERAMIC LINER,"{""size"": ""455 mm"", ""standard"": ""CPSE-OTHER""}",unrelated_355,unrelated
cpse-00707,catalogue,UNRELATED_58-00707,UNRELATED MATERIAL 58 CERAMIC LINER,"{""size"": ""158 mm"", ""standard"": ""CPSE-OTHER""}",unrelated_58,unrelated
cpse-04643,catalogue,GASKET-04643,SPIRAL WOUND GASKET DN50,"{""size"": ""DN50"", ""standard"": ""ASME B16.20""}",gasket,near_duplicate
cpse-02989,erp,UNRELATED_249-02989,UNRELATED MATERIAL 249 CERAMIC LINER,"{""size"": ""349 mm"", ""standard"": ""CPSE-OTHER""}",unrelated_249,unrelated
cpse-08695,erp,VALVE-08695,GATE VALVE 50 MM 150 PSI,"{""pressure"": ""150 psi"", ""size"": ""50 mm"", ""standard"": ""API 600""}",valve,exact
cpse-05816,catalogue,CABLE-05816,POWER CABLE 4 CORE 240 V,"{""size"": ""4 core"", ""voltage"": ""240 V""}",cable,terminology
cpse-09120,maintenance,MOTOR-09120,INDUCTION MOTOR 5 KW 415 V,"{""size"": ""5 kW"", ""voltage"": ""415 V""}",motor,terminology
cpse-05487,maintenance,BOLT_M12-05487,STEEL FASTENER M12 GRADE B,"{""grade"": ""B"", ""size"": ""M12"", ""standard"": ""ISO 4014""}",bolt_m12,terminology
cpse-08896,erp,NUT_M10-08896,STEEL HEX NUT M10 GRADE B,"{""grade"": ""B"", ""size"": ""M10"", ""standard"": ""ISO 4032""}",nut_m10,terminology
cpse-06622,erp,UNRELATED_551-06622,UNRELATED MATERIAL 551 CERAMIC LINER,"{""size"": ""651 mm"", ""standard"": ""CPSE-OTHER""}",unrelated_551,unrelated
cpse-07553,catalogue,UNRELATED_629-07553,UNRELATED MATERIAL 629 CERAMIC LINER,"{""size"": ""729 mm"", ""standard"": ""CPSE-OTHER""}",unrelated_629,unrelated
cpse-00831,maintenance,BOLT_M12-00831,STEEL BOLT M12 GRADE B,"{""grade"": ""B"", ""size"": ""M12"", ""standard"": ""ISO 4014""}",bolt_m12,unit_format
cpse-09573,maintenance,BEARING-09573,MATÉRIEL DEEP GROOVE BALL BEARING 6205,"{""size"": ""6205"", ""standard"": ""ISO 15""}",bearing,multilingual
cpse-08035,erp,VALVE-08035,GATE VALVE 50 MM 150 PSI,"{""pressure"": ""150 psi"", ""size"": ""50 mm"", ""standard"": ""API 600""}",valve,terminology
cpse-09717,maintenance,BEARING-09717,DEEP GROOVE BALL BEARING 6205,"{""size"": ""6205"", ""standard"": ""ISO 15""}",bearing,exact
cpse-05807,catalogue,GASKET-05807,MATÉRIEL SPIRAL WOUND GASKET DN50,"{""size"": ""DN50"", ""standard"": ""ASME B16.20""}",gasket,multilingual
cpse-08759,catalogue,GASKET-08759,SPIRAL WOUND GASKET DN50,"{""size"": ""DN50"", ""standard"": ""ASME B16.20""}",gasket,near_duplicate
cpse-02728,erp,NUT_M10-02728,STEEL HEX NUT 10 mm GRADE B,"{""grade"": ""B"", ""size"": ""M10"", ""standard"": ""ISO 4032""}",nut_m10,unit_format
cpse-07533,maintenance,BEARING-07533,DEEP GROOVE BALL BEARING 6205,"{""size"": ""6205"", ""standard"": ""ISO 15""}",bearing,exact
cpse-07104,maintenance,MOTOR-07104,INDUCTION MOTOR 5 KW 415 V,"{""size"": ""5 kW"", ""voltage"": ""415 V""}",motor,terminology
cpse-09554,catalogue,BOLT_C-09554,STEEL FASTENER M10 GRADE C,"{""grade"": ""C"", ""size"": ""M10"", ""standard"": ""ISO 4014""}",bolt_c,terminology
cpse-01359,maintenance,BOLT_M12-01359,STEEL BOLT M12 GRADE B,"{""grade"": ""B"", ""size"": ""M12"", ""standard"": ""ISO 4014""}",bolt_m12,exact
cpse-07921,erp,BOLT_B-07921,БОЛТ СТАЛЬ M10 КЛАСС B,"{""grade"": ""B"", ""size"": ""M10"", ""standard"": ""ISO 4014""}",bolt_b,multilingual
cpse-05215,erp,UNRELATED_434-05215,UNRELATED MATERIAL 434 CERAMIC LINER,"{""size"": ""534 mm"", ""standard"": ""CPSE-OTHER""}",unrelated_434,unrelated
cpse-09673,erp,BOLT_B-09673,STEEL FASTENER M10 GRADE B,"{""grade"": ""B"", ""size"": ""M10"", ""standard"": ""ISO 4014""}",bolt_b,terminology
cpse-07191,maintenance,BOLT_M12-07191,CARBON STEEL HEX BOLT M12 GRADE B,"{""grade"": ""B"", ""size"": ""M12"", ""standard"": ""ISO 4014""}",bolt_m12,near_duplicate
cpse-02589,maintenance,BEARING-02589,DEEP GROOVE BALL BEARING 6205,"{""size"": ""6205"", ""standard"": ""ISO 15""}",bearing,terminology
cpse-07686,maintenance,UNRELATED_640-07686,UNRELATED MATERIAL 640 CERAMIC LINER,"{""size"": ""740 mm"", ""standard"": ""CPSE-OTHER""}",unrelated_640,unrelated
cpse-09664,erp,NUT_M10-09664,MATÉRIEL STEEL HEX NUT M10 GRADE B,"{""grade"": ""B"", ""size"": ""M10"", ""standard"": ""ISO 4032""}",nut_m10,multilingual
cpse-01566,maintenance,PIPE-01566,CARBON STEEL PIPE 50mm SCH 40,"{""size"": ""50 mm"", ""standard"": ""ASTM A106""}",pipe,unit_format
cpse-01765,erp,BOLT_B-01765,STEEL BOLT M10 GRADE B,"{""grade"": ""B"", ""size"": ""M10"", ""standard"": ""ISO 4014""}",bolt_b,exact
cpse-05514,maintenance,PIPE-05514,CARBON STEEL PIPE 50mm SCH 40,"{""size"": ""50 mm"", ""standard"": ""ASTM A106""}",pipe,unit_format
cpse-04881,maintenance,BEARING-04881,DEEP GROOVE BALL BEARING 6205,"{""size"": ""6205"", ""standard"": ""ISO 15""}",bearing,near_duplicate
cpse-02725,erp,BOLT_B-02725,CARBON STEEL HEX BOLT M10 GRADE B,"{""grade"": ""B"", ""size"": ""M10"", ""standard"": ""ISO 4014""}",bolt_b,near_duplicate
cpse-02278,erp,FLANGE-02278,WELD NECK FLANGE DN50 PN16,"{""pressure"": ""PN16"", ""size"": ""DN50"", ""standard"": ""EN 1092""}",flange,abbreviation
cpse-01361,catalogue,WASHER-01361,STL WASHER M10,"{""size"": ""M10"", ""standard"": ""ISO 7089""}",washer,abbreviation
cpse-07270,erp,FLANGE-07270,MATÉRIEL WELD NECK FLANGE DN50 PN16,"{""pressure"": ""PN16"", ""size"": ""DN50"", ""standard"": ""EN 1092""}",flange,multilingual
cpse-03299,catalogue,GASKET-03299,SPIRAL WOUND GASKET DN50,"{""size"": ""DN50"", ""standard"": ""ASME B16.20""}",gasket,near_duplicate
cpse-01208,catalogue,CABLE-01208,CÂBLE PUISSANCE 4 ÂMES 240 V,"{""size"": ""4 core"", ""voltage"": ""240 V""}",cable,multilingual
cpse-06370,erp,UNRELATED_530-06370,UNRELATED MATERIAL 530 CERAMIC LINER,"{""size"": ""630 mm"", ""standard"": ""CPSE-OTHER""}",unrelated_530,unrelated
cpse-02367,maintenance,BOLT_M12-02367,STEEL BOLT M12 GRADE B,"{""grade"": ""B"", ""size"": ""M12"", ""standard"": ""ISO 4014""}",bolt_m12,exact
cpse-06681,maintenance,BEARING-06681,DEEP GROOVE BALL BEARING 6205,"{""size"": ""6205"", ""standard"": ""ISO 15""}",bearing,abbreviation
cpse-00329,catalogue,UNRELATED_27-00329,UNRELATED MATERIAL 27 CERAMIC LINER,"{""size"": ""127 mm"", ""standard"": ""CPSE-OTHER""}",unrelated_27,unrelated
cpse-05014,erp,FLANGE-05014,WELD NECK FLANGE DN50 PN16,"{""pressure"": ""PN16"", ""size"": ""DN50"", ""standard"": ""EN 1092""}",flange,near_duplicate
cpse-09279,maintenance,BOLT_M12-09279,MATÉRIEL STEEL BOLT M12 GRADE B,"{""grade"": ""B"", ""size"": ""M12"", ""standard"": ""ISO 4014""}",bolt_m12,multilingual
cpse-04922,catalogue,BOLT_C-04922,STEEL BOLT M10 GRADE C,"{""grade"": ""C"", ""size"": ""M10"", ""standard"": ""ISO 4014""}",bolt_c,exact
cpse-07161,maintenance,UNRELATED_596-07161,UNRELATED MATERIAL 596 CERAMIC LINER,"{""size"": ""696 mm"", ""standard"": ""CPSE-OTHER""}",unrelated_596,unrelated
cpse-01946,catalogue,UNRELATED_162-01946,UNRELATED MATERIAL 162 CERAMIC LINER,"{""size"": ""262 mm"", ""standard"": ""CPSE-OTHER""}",unrelated_162,unrelated
cpse-03193,erp,BOLT_B-03193,STEEL BOLT M10 GRADE B,"{""grade"": ""B"", ""size"": ""M10"", ""standard"": ""ISO 4014""}",bolt_b,exact
cpse-04816,erp,UNRELATED_401-04816,UNRELATED MATERIAL 401 CERAMIC LINER,"{""size"": ""501 mm"", ""standard"": ""CPSE-OTHER""}",unrelated_401,unrelated
cpse-09356,catalogue,CABLE-09356,CÂBLE PUISSANCE 4 ÂMES 240 V,"{""size"": ""4 core"", ""voltage"": ""240 V""}",cable,multilingual
cpse-05874,maintenance,PIPE-05874,CARBON STEEL PIPE 50 MM SCH 40,"{""size"": ""50 mm"", ""standard"": ""ASTM A106""}",pipe,exact
cpse-06758,catalogue,BOLT_C-06758,STL BLT M10 GR C,"{""grade"": ""C"", ""size"": ""M10"", ""standard"": ""ISO 4014""}",bolt_c,abbreviation
cpse-06736,erp,NUT_M10-06736,CARBON STEEL HEX NUT M10 GRADE B,"{""grade"": ""B"", ""size"": ""M10"", ""standard"": ""ISO 4032""}",nut_m10,near_duplicate
cpse-09229,erp,BOLT_B-09229,STL BLT M10 GR B,"{""grade"": ""B"", ""size"": ""M10"", ""standard"": ""ISO 4014""}",bolt_b,abbreviation
cpse-06299,catalogue,GASKET-06299,SPIRAL WOUND GASKET DN50,"{""size"": ""DN50"", ""standard"": ""ASME B16.20""}",gasket,terminology
cpse-06898,erp,FLANGE-06898,WELD NECK FLANGE DN50 PN16,"{""pressure"": ""PN16"", ""size"": ""DN50"", ""standard"": ""EN 1092""}",flange,abbreviation
cpse-02939,catalogue,GASKET-02939,SPIRAL WOUND GASKET DN50,"{""size"": ""DN50"", ""standard"": ""ASME B16.20""}",gasket,terminology
cpse-05363,catalogue,GASKET-05363,SPIRAL WOUND GASKET DN50,"{""size"": ""DN50"", ""standard"": ""ASME B16.20""}",gasket,exact
cpse-02563,erp,VALVE-02563,GATE VALVE 50 MM 150 PSI,"{""pressure"": ""150 psi"", ""size"": ""50 mm"", ""standard"": ""API 600""}",valve,exact
cpse-04554,maintenance,PIPE-04554,TUBO ACERO CARBONO 50 MM SCH 40,"{""size"": ""50 mm"", ""standard"": ""ASTM A106""}",pipe,multilingual
cpse-09787,erp,VALVE-09787,GATE VALVE 50 MM 150 PSI,"{""pressure"": ""150 psi"", ""size"": ""50 mm"", ""standard"": ""API 600""}",valve,exact
cpse-07143,maintenance,BOLT_M12-07143,STL BLT M12 GR B,"{""grade"": ""B"", ""size"": ""M12"", ""standard"": ""ISO 4014""}",bolt_m12,abbreviation
cpse-00890,catalogue,BOLT_C-00890,STEEL BOLT M10 GRADE C,"{""grade"": ""C"", ""size"": ""M10"", ""standard"": ""ISO 4014""}",bolt_c,exact
cpse-00022,erp,FLANGE-00022,WELD NECK FLANGE DN50 PN16,"{""pressure"": ""PN16"", ""size"": ""DN50"", ""standard"": ""EN 1092""}",flange,exact
cpse-03793,erp,BOLT_B-03793,STEEL FASTENER M10 GRADE B,"{""grade"": ""B"", ""size"": ""M10"", ""standard"": ""ISO 4014""}",bolt_b,terminology
cpse-05939,catalogue,GASKET-05939,SPIRAL WOUND GASKET DN50,"{""size"": ""DN50"", ""standard"": ""ASME B16.20""}",gasket,abbreviation
cpse-01881,maintenance,BEARING-01881,DEEP GROOVE BALL BEARING 6205,"{""size"": ""6205"", ""standard"": ""ISO 15""}",bearing,unit_format
cpse-00246,maintenance,PIPE-00246,CARBON STEEL PIPE 50 MM SCH 40,"{""size"": ""50 mm"", ""standard"": ""ASTM A106""}",pipe,exact
cpse-02361,maintenance,BEARING-02361,DEEP GROOVE BALL BEARING 6205,"{""size"": ""6205"", ""standard"": ""ISO 15""}",bearing,near_duplicate
cpse-00086,catalogue,BOLT_C-00086,CARBON STEEL HEX BOLT M10 GRADE C,"{""grade"": ""C"", ""size"": ""M10"", ""standard"": ""ISO 4014""}",bolt_c,near_duplicate
cpse-05881,erp,BOLT_B-05881,STEEL BOLT M10 GRADE B,"{""grade"": ""B"", ""size"": ""M10"", ""standard"": ""ISO 4014""}",bolt_b,exact
cpse-06035,catalogue,GASKET-06035,SPIRAL WOUND GASKET DN50,"{""size"": ""DN50"", ""standard"": ""ASME B16.20""}",gasket,exact
cpse-06550,erp,FLANGE-06550,WELD NECK FLANGE DN50 PN16,"{""pressure"": ""PN16"", ""size"": ""DN50"", ""standard"": ""EN 1092""}",flange,unit_format
cpse-00884,catalogue,CABLE-00884,POWER CABLE 4 CORE 240 V,"{""size"": ""4 core"", ""voltage"": ""240 V""}",cable,near_duplicate
cpse-04243,erp,VALVE-04243,GATE VALVE 50 MM 150 PSI,"{""pressure"": ""150 psi"", ""size"": ""50 mm"", ""standard"": ""API 600""}",valve,exact
cpse-04477,erp,BOLT_B-04477,БОЛТ СТАЛЬ M10 КЛАСС B,"{""grade"": ""B"", ""size"": ""M10"", ""standard"": ""ISO 4014""}",bolt_b,multilingual
cpse-01902,maintenance,PIPE-01902,CARBON STEEL PIPE 50mm SCH 40,"{""size"": ""50 mm"", ""standard"": ""ASTM A106""}",pipe,unit_format
cpse-08863,erp,VALVE-08863,GATE VALVE 50 MM 150 PSI,"{""pressure"": ""150 psi"", ""size"": ""50 mm"", ""standard"": ""API 600""}",valve,exact
cpse-00994,erp,UNRELATED_82-00994,UNRELATED MATERIAL 82 CERAMIC LINER,"{""size"": ""182 mm"", ""standard"": ""CPSE-OTHER""}",unrelated_82,unrelated
cpse-05997,maintenance,BEARING-05997,DEEP GROOVE BALL BEARING 6205,"{""size"": ""6205"", ""standard"": ""ISO 15""}",bearing,unit_format
cpse-05357,catalogue,WASHER-05357,CARBON STEEL WASHER M10,"{""size"": ""M10"", ""standard"": ""ISO 7089""}",washer,near_duplicate
cpse-01151,catalogue,GASKET-01151,SPIRAL WOUND GASKET DN50,"{""size"": ""DN50"", ""standard"": ""ASME B16.20""}",gasket,abbreviation
cpse-03996,maintenance,MOTOR-03996,INDUCTION MOTOR 5 KW 415 V,"{""size"": ""5 kW"", ""voltage"": ""415 V""}",motor,terminology
cpse-01433,catalogue,WASHER-01433,STEEL WASHER 10 mm,"{""size"": ""M10"", ""standard"": ""ISO 7089""}",washer,unit_format
cpse-08497,erp,BOLT_B-08497,STEEL FASTENER M10 GRADE B,"{""grade"": ""B"", ""size"": ""M10"", ""standard"": ""ISO 4014""}",bolt_b,terminology
cpse-03590,catalogue,BOLT_C-03590,STEEL FASTENER M10 GRADE C,"{""grade"": ""C"", ""size"": ""M10"", ""standard"": ""ISO 4014""}",bolt_c,terminology
cpse-02283,maintenance,BOLT_M12-02283,STEEL BOLT M12 GRADE B,"{""grade"": ""B"", ""size"": ""M12"", ""standard"": ""ISO 4014""}",bolt_m12,exact
cpse-04249,erp,UNRELATED_354-04249,UNRELATED MATERIAL 354 CERAMIC LINER,"{""size"": ""454 mm"", ""standard"": ""CPSE-OTHER""}",unrelated_354,unrelated
cpse-01859,catalogue,GASKET-01859,MATÉRIEL SPIRAL WOUND GASKET DN50,"{""size"": ""DN50"", ""standard"": ""ASME B16.20""}",gasket,multilingual
cpse-04374,maintenance,PIPE-04374,CARBON STEEL TUBE 50 MM SCH 40,"{""size"": ""50 mm"", ""standard"": ""ASTM A106""}",pipe,terminology
cpse-06142,erp,FLANGE-06142,WELD NECK FLANGE DN50 PN16,"{""pressure"": ""PN16"", ""size"": ""DN50"", ""standard"": ""EN 1092""}",flange,abbreviation
cpse-07805,catalogue,UNRELATED_650-07805,UNRELATED MATERIAL 650 CERAMIC LINER,"{""size"": ""750 mm"", ""standard"": ""CPSE-OTHER""}",unrelated_650,unrelated
cpse-05980,erp,NUT_M10-05980,CARBON STEEL HEX NUT M10 GRADE B,"{""grade"": ""B"", ""size"": ""M10"", ""standard"": ""ISO 4032""}",nut_m10,near_duplicate
cpse-08245,erp,BOLT_B-08245,STEEL FASTENER M10 GRADE B,"{""grade"": ""B"", ""size"": ""M10"", ""standard"": ""ISO 4014""}",bolt_b,terminology
cpse-06748,erp,UNRELATED_562-06748,UNRELATED MATERIAL 562 CERAMIC LINER,"{""size"": ""662 mm"", ""standard"": ""CPSE-OTHER""}",unrelated_562,unrelated
cpse-09361,erp,BOLT_B-09361,CARBON STEEL HEX BOLT M10 GRADE B,"{""grade"": ""B"", ""size"": ""M10"", ""standard"": ""ISO 4014""}",bolt_b,near_duplicate
cpse-09265,erp,BOLT_B-09265,БОЛТ СТАЛЬ M10 КЛАСС B,"{""grade"": ""B"", ""size"": ""M10"", ""standard"": ""ISO 4014""}",bolt_b,multilingual
cpse-05877,maintenance,BEARING-05877,MATÉRIEL DEEP GROOVE BALL BEARING 6205,"{""size"": ""6205"", ""standard"": ""ISO 15""}",bearing,multilingual
cpse-09073,erp,BOLT_B-09073,STEEL BOLT M10 GRADE B,"{""grade"": ""B"", ""size"": ""M10"", ""standard"": ""ISO 4014""}",bolt_b,exact
cpse-03457,erp,BOLT_B-03457,STEEL FASTENER M10 GRADE B,"{""grade"": ""B"", ""size"": ""M10"", ""standard"": ""ISO 4014""}",bolt_b,terminology
cpse-07399,erp,UNRELATED_616-07399,UNRELATED MATERIAL 616 CERAMIC LINER,"{""size"": ""716 mm"", ""standard"": ""CPSE-OTHER""}",unrelated_616,unrelated
cpse-05450,catalogue,BOLT_C-05450,БОЛТ СТАЛЬ M10 КЛАСС C,"{""grade"": ""C"", ""size"": ""M10"", ""standard"": ""ISO 4014""}",bolt_c,multilingual
cpse-02109,maintenance,BEARING-02109,DEEP GROOVE BALL BEARING 6205,"{""size"": ""6205"", ""standard"": ""ISO 15""}",bearing,near_duplicate
cpse-06255,maintenance,BOLT_M12-06255,MATÉRIEL STEEL BOLT M12 GRADE B,"{""grade"": ""B"", ""size"": ""M12"", ""standard"": ""ISO 4014""}",bolt_m12,multilingual
cpse-03748,erp,NUT_M10-03748,STL HEX NUT M10 GR B,"{""grade"": ""B"", ""size"": ""M10"", ""standard"": ""ISO 4032""}",nut_m10,abbreviation
cpse-01604,catalogue,CABLE-01604,POWER CABLE 4 CORE 240 V,"{""size"": ""4 core"", ""voltage"": ""240 V""}",cable,exact
cpse-01702,erp,FLANGE-01702,WELD NECK FLANGE DN50 PN16,"{""pressure"": ""PN16"", ""size"": ""DN50"", ""standard"": ""EN 1092""}",flange,exact
cpse-08771,catalogue,UNRELATED_730-08771,UNRELATED MATERIAL 730 CERAMIC LINER,"{""size"": ""830 mm"", ""standard"": ""CPSE-OTHER""}",unrelated_730,unrelated
cpse-09793,erp,UNRELATED_816-09793,UNRELATED MATERIAL 816 CERAMIC LINER,"{""size"": ""916 mm"", ""standard"": ""CPSE-OTHER""}",unrelated_816,unrelated
cpse-07400,catalogue,CABLE-07400,POWER CABLE 4 CORE 240 V,"{""size"": ""4 core"", ""voltage"": ""240 V""}",cable,exact
cpse-00651,maintenance,UNRELATED_54-00651,UNRELATED MATERIAL 54 CERAMIC LINER,"{""size"": ""154 mm"", ""standard"": ""CPSE-OTHER""}",unrelated_54,unrelated
cpse-05437,erp,BOLT_B-05437,STEEL BOLT 10 mm GRADE B,"{""grade"": ""B"", ""size"": ""M10"", ""standard"": ""ISO 4014""}",bolt_b,unit_format
cpse-05825,catalogue,WASHER-05825,STEEL WASHER M10,"{""size"": ""M10"", ""standard"": ""ISO 7089""}",washer,exact
cpse-07930,erp,FLANGE-07930,WELD NECK FLANGE DN50 PN16,"{""pressure"": ""PN16"", ""size"": ""DN50"", ""standard"": ""EN 1092""}",flange,terminology
cpse-07284,maintenance,MOTOR-07284,MATÉRIEL INDUCTION MOTOR 5 KW 415 V,"{""size"": ""5 kW"", ""voltage"": ""415 V""}",motor,multilingual
cpse-02698,erp,FLANGE-02698,WELD NECK FLANGE DN50 PN16,"{""pressure"": ""PN16"", ""size"": ""DN50"", ""standard"": ""EN 1092""}",flange,abbreviation
cpse-04059,maintenance,BOLT_M12-04059,STEEL FASTENER M12 GRADE B,"{""grade"": ""B"", ""size"": ""M12"", ""standard"": ""ISO 4014""}",bolt_m12,terminology
cpse-03673,erp,BOLT_B-03673,STEEL BOLT 10 mm GRADE B,"{""grade"": ""B"", ""size"": ""M10"", ""standard"": ""ISO 4014""}",bolt_b,unit_format
cpse-00667,erp,VALVE-00667,GATE VALVE 50 MM 150 PSI,"{""pressure"": ""150 psi"", ""size"": ""50 mm"", ""standard"": ""API 600""}",valve,near_duplicate
cpse-07155,maintenance,BOLT_M12-07155,STEEL BOLT M12 GRADE B,"{""grade"": ""B"", ""size"": ""M12"", ""standard"": ""ISO 4014""}",bolt_m12,exact
cpse-02295,maintenance,BOLT_M12-02295,STEEL FASTENER M12 GRADE B,"{""grade"": ""B"", ""size"": ""M12"", ""standard"": ""ISO 4014""}",bolt_m12,terminology
cpse-02732,catalogue,CABLE-02732,POWER CABLE 4 CORE 240 V,"{""size"": ""4 core"", ""voltage"": ""240 V""}",cable,near_duplicate
cpse-05584,erp,NUT_M10-05584,STEEL HEX NUT 10 mm GRADE B,"{""grade"": ""B"", ""size"": ""M10"", ""standard"": ""ISO 4032""}",nut_m10,unit_format
cpse-08148,maintenance,UNRELATED_678-08148,UNRELATED MATERIAL 678 CERAMIC LINER,"{""size"": ""778 mm"", ""standard"": ""CPSE-OTHER""}",unrelated_678,unrelated
cpse-08359,erp,VALVE-08359,GATE VALVE 50 MM 150 PSI,"{""pressure"": ""150 psi"", ""size"": ""50 mm"", ""standard"": ""API 600""}",valve,exact
cpse-08167,erp,VALVE-08167,GATE VALVE 50mm 150 PSI,"{""pressure"": ""150 psi"", ""size"": ""50 mm"", ""standard"": ""API 600""}",valve,unit_format
cpse-08492,catalogue,CABLE-08492,POWER CABLE 4 CORE 240 V,"{""size"": ""4 core"", ""voltage"": ""240 V""}",cable,exact
cpse-05263,erp,VALVE-05263,GATE VALVE 50 MM 150 PSI,"{""pressure"": ""150 psi"", ""size"": ""50 mm"", ""standard"": ""API 600""}",valve,terminology
cpse-07519,erp,VALVE-07519,GATE VALVE 50 MM 150 PSI,"{""pressure"": ""150 psi"", ""size"": ""50 mm"", ""standard"": ""API 600""}",valve,exact
cpse-05582,catalogue,BOLT_C-05582,STL BLT M10 GR C,"{""grade"": ""C"", ""size"": ""M10"", ""standard"": ""ISO 4014""}",bolt_c,abbreviation
cpse-04031,catalogue,GASKET-04031,SPIRAL WOUND GASKET DN50,"{""size"": ""DN50"", ""standard"": ""ASME B16.20""}",gasket,terminology
cpse-05449,erp,BOLT_B-05449,STL BLT M10 GR B,"{""grade"": ""B"", ""size"": ""M10"", ""standard"": ""ISO 4014""}",bolt_b,abbreviation
cpse-06526,erp,FLANGE-06526,WELD NECK FLANGE DN50 PN16,"{""pressure"": ""PN16"", ""size"": ""DN50"", ""standard"": ""EN 1092""}",flange,near_duplicate
cpse-07040,catalogue,CABLE-07040,POWER CABLE 4 CORE 240VAC,"{""size"": ""4 core"", ""voltage"": ""240 V""}",cable,unit_format
cpse-07333,erp,BOLT_B-07333,БОЛТ СТАЛЬ M10 КЛАСС B,"{""grade"": ""B"", ""size"": ""M10"", ""standard"": ""ISO 4014""}",bolt_b,multilingual
cpse-08025,maintenance,BEARING-08025,DEEP GROOVE BALL BEARING 6205,"{""size"": ""6205"", ""standard"": ""ISO 15""}",bearing,abbreviation
cpse-05259,maintenance,BOLT_M12-05259,CARBON STEEL HEX BOLT M12 GRADE B,"{""grade"": ""B"", ""size"": ""M12"", ""standard"": ""ISO 4014""}",bolt_m12,near_duplicate
cpse-08737,erp,BOLT_B-08737,STEEL BOLT M10 GRADE B,"{""grade"": ""B"", ""size"": ""M10"", ""standard"": ""ISO 4014""}",bolt_b,exact
cpse-08592,maintenance,MOTOR-08592,INDUCTION MOTOR 5 KW 415 V,"{""size"": ""5 kW"", ""voltage"": ""415 V""}",motor,abbreviation
cpse-06071,catalogue,GASKET-06071,SPIRAL WOUND GASKET DN50,"{""size"": ""DN50"", ""standard"": ""ASME B16.20""}",gasket,near_duplicate
cpse-04314,maintenance,PIPE-04314,CARBON CARBON STEEL PIPE 50 MM SCH 40,"{""size"": ""50 mm"", ""standard"": ""ASTM A106""}",pipe,near_duplicate
cpse-00664,erp,NUT_M10-00664,STEEL HEX NUT M10 GRADE B,"{""grade"": ""B"", ""size"": ""M10"", ""standard"": ""ISO 4032""}",nut_m10,terminology
cpse-05320,erp,UNRELATED_443-05320,UNRELATED MATERIAL 443 CERAMIC LINER,"{""size"": ""543 mm"", ""standard"": ""CPSE-OTHER""}",unrelated_443,unrelated
cpse-04495,erp,VALVE-04495,GATE VALVE 50 MM 150 PSI,"{""pressure"": ""150 psi"", ""size"": ""50 mm"", ""standard"": ""API 600""}",valve,exact
cpse-09171,maintenance,BOLT_M12-09171,STEEL BOLT M12 GRADE B,"{""grade"": ""B"", ""size"": ""M12"", ""standard"": ""ISO 4014""}",bolt_m12,exact
cpse-03178,erp,UNRELATED_264-03178,UNRELATED MATERIAL 264 CERAMIC LINER,"{""size"": ""364 mm"", ""standard"": ""CPSE-OTHER""}",unrelated_264,unrelated
cpse-08748,maintenance,MOTOR-08748,INDUCTION MOTOR 5 KW 415 V,"{""size"": ""5 kW"", ""voltage"": ""415 V""}",motor,unit_format
cpse-02572,erp,NUT_M10-02572,STL HEX NUT M10 GR B,"{""grade"": ""B"", ""size"": ""M10"", ""standard"": ""ISO 4032""}",nut_m10,abbreviation
cpse-08143,erp,VALVE-08143,GATE VALVE 50 MM 150 PSI,"{""pressure"": ""150 psi"", ""size"": ""50 mm"", ""standard"": ""API 600""}",valve,near_duplicate
cpse-09798,maintenance,PIPE-09798,CARBON STEEL PIPE 50mm SCH 40,"{""size"": ""50 mm"", ""standard"": ""ASTM A106""}",pipe,unit_format
cpse-07038,maintenance,PIPE-07038,CARBON STL PIPE 50 MM SCH 40,"{""size"": ""50 mm"", ""standard"": ""ASTM A106""}",pipe,abbreviation
cpse-05573,catalogue,WASHER-05573,STEEL WASHER M10,"{""size"": ""M10"", ""standard"": ""ISO 7089""}",washer,exact
cpse-01774,erp,FLANGE-01774,WELD NECK FLANGE DN50 PN16,"{""pressure"": ""PN16"", ""size"": ""DN50"", ""standard"": ""EN 1092""}",flange,abbreviation
cpse-02075,catalogue,GASKET-02075,SPIRAL WOUND GASKET DN50,"{""size"": ""DN50"", ""standard"": ""ASME B16.20""}",gasket,abbreviation
cpse-01665,maintenance,BEARING-01665,DEEP GROOVE BALL BEARING 6205,"{""size"": ""6205"", ""standard"": ""ISO 15""}",bearing,terminology
cpse-04721,catalogue,WASHER-04721,STL WASHER M10,"{""size"": ""M10"", ""standard"": ""ISO 7089""}",washer,abbreviation
cpse-01612,erp,NUT_M10-01612,CARBON STEEL HEX NUT M10 GRADE B,"{""grade"": ""B"", ""size"": ""M10"", ""standard"": ""ISO 4032""}",nut_m10,near_duplicate
cpse-01891,erp,VALVE-01891,GATE VALVE 50 MM 150 PSI,"{""pressure"": ""150 psi"", ""size"": ""50 mm"", ""standard"": ""API 600""}",valve,exact
cpse-03187,erp,VALVE-03187,GATE VALVE 50 MM 150 PSI,"{""pressure"": ""150 psi"", ""size"": ""50 mm"", ""standard"": ""API 600""}",valve,near_duplicate
cpse-01721,catalogue,WASHER-01721,STEEL WASHER M10,"{""size"": ""M10"", ""standard"": ""ISO 7089""}",washer,terminology
cpse-07423,erp,VALVE-07423,GATE VALVE 50 MM 150 PSI,"{""pressure"": ""150 psi"", ""size"": ""50 mm"", ""standard"": ""API 600""}",valve,abbreviation
cpse-04901,catalogue,WASHER-04901,STEEL WASHER M10,"{""size"": ""M10"", ""standard"": ""ISO 7089""}",washer,exact
cpse-07349,catalogue,WASHER-07349,STEEL WASHER M10,"{""size"": ""M10"", ""standard"": ""ISO 7089""}",washer,terminology
cpse-08212,erp,NUT_M10-08212,STEEL HEX NUT M10 GRADE B,"{""grade"": ""B"", ""size"": ""M10"", ""standard"": ""ISO 4032""}",nut_m10,exact
cpse-06554,catalogue,BOLT_C-06554,CARBON STEEL HEX BOLT M10 GRADE C,"{""grade"": ""C"", ""size"": ""M10"", ""standard"": ""ISO 4014""}",bolt_c,near_duplicate
cpse-06005,catalogue,WASHER-06005,STEEL WASHER M10,"{""size"": ""M10"", ""standard"": ""ISO 7089""}",washer,terminology
cpse-04804,erp,NUT_M10-04804,CARBON STEEL HEX NUT M10 GRADE B,"{""grade"": ""B"", ""size"": ""M10"", ""standard"": ""ISO 4032""}",nut_m10,near_duplicate
cpse-02147,catalogue,GASKET-02147,SPIRAL WOUND GASKET DN50,"{""size"": ""DN50"", ""standard"": ""ASME B16.20""}",gasket,unit_format
cpse-03555,maintenance,BOLT_M12-03555,STEEL FASTENER M12 GRADE B,"{""grade"": ""B"", ""size"": ""M12"", ""standard"": ""ISO 4014""}",bolt_m12,terminology
cpse-06417,maintenance,BEARING-06417,DEEP GROOVE BALL BEARING 6205,"{""size"": ""6205"", ""standard"": ""ISO 15""}",bearing,unit_format
cpse-09764,catalogue,CABLE-09764,POWER CABLE 4 CORE 240 V,"{""size"": ""4 core"", ""voltage"": ""240 V""}",cable,terminology
cpse-03945,maintenance,BEARING-03945,MATÉRIEL DEEP GROOVE BALL BEARING 6205,"{""size"": ""6205"", ""standard"": ""ISO 15""}",bearing,multilingual
cpse-02065,erp,UNRELATED_172-02065,UNRELATED MATERIAL 172 CERAMIC LINER,"{""size"": ""272 mm"", ""standard"": ""CPSE-OTHER""}",unrelated_172,unrelated
cpse-00974,catalogue,BOLT_C-00974,STEEL BOLT M10 GRADE C,"{""grade"": ""C"", ""size"": ""M10"", ""standard"": ""ISO 4014""}",bolt_c,exact
cpse-00266,catalogue,UNRELATED_22-00266,UNRELATED MATERIAL 22 CERAMIC LINER,"{""size"": ""122 mm"", ""standard"": ""CPSE-OTHER""}",unrelated_22,unrelated
cpse-04758,maintenance,PIPE-04758,CARBON STEEL PIPE 50mm SCH 40,"{""size"": ""50 mm"", ""standard"": ""ASTM A106""}",pipe,unit_format
cpse-09542,catalogue,BOLT_C-09542,STEEL BOLT M10 GRADE C,"{""grade"": ""C"", ""size"": ""M10"", ""standard"": ""ISO 4014""}",bolt_c,exact
cpse-01254,maintenance,PIPE-01254,CARBON STEEL PIPE 50 MM SCH 40,"{""size"": ""50 mm"", ""standard"": ""ASTM A106""}",pipe,exact
cpse-02713,erp,BOLT_B-02713,БОЛТ СТАЛЬ M10 КЛАСС B,"{""grade"": ""B"", ""size"": ""M10"", ""standard"": ""ISO 4014""}",bolt_b,multilingual
cpse-09863,catalogue,UNRELATED_821-09863,UNRELATED MATERIAL 821 CERAMIC LINER,"{""size"": ""921 mm"", ""standard"": ""CPSE-OTHER""}",unrelated_821,unrelated
cpse-09203,catalogue,GASKET-09203,SPIRAL WOUND GASKET DN50,"{""size"": ""DN50"", ""standard"": ""ASME B16.20""}",gasket,unit_format
cpse-02356,erp,NUT_M10-02356,MATÉRIEL STEEL HEX NUT M10 GRADE B,"{""grade"": ""B"", ""size"": ""M10"", ""standard"": ""ISO 4032""}",nut_m10,multilingual
cpse-04403,catalogue,UNRELATED_366-04403,UNRELATED MATERIAL 366 CERAMIC LINER,"{""size"": ""466 mm"", ""standard"": ""CPSE-OTHER""}",unrelated_366,unrelated
cpse-06629,catalogue,UNRELATED_552-06629,UNRELATED MATERIAL 552 CERAMIC LINER,"{""size"": ""652 mm"", ""standard"": ""CPSE-OTHER""}",unrelated_552,unrelated
cpse-03387,maintenance,BOLT_M12-03387,STEEL FASTENER M12 GRADE B,"{""grade"": ""B"", ""size"": ""M12"", ""standard"": ""ISO 4014""}",bolt_m12,terminology
cpse-09375,maintenance,BOLT_M12-09375,CARBON STEEL HEX BOLT M12 GRADE B,"{""grade"": ""B"", ""size"": ""M12"", ""standard"": ""ISO 4014""}",bolt_m12,near_duplicate
cpse-02586,maintenance,PIPE-02586,CARBON STL PIPE 50 MM SCH 40,"{""size"": ""50 mm"", ""standard"": ""ASTM A106""}",pipe,abbreviation
cpse-00913,erp,BOLT_B-00913,STL BLT M10 GR B,"{""grade"": ""B"", ""size"": ""M10"", ""standard"": ""ISO 4014""}",bolt_b,abbreviation
cpse-05728,erp,NUT_M10-05728,CARBON STEEL HEX NUT M10 GRADE B,"{""grade"": ""B"", ""size"": ""M10"", ""standard"": ""ISO 4032""}",nut_m10,near_duplicate
cpse-05979,maintenance,BOLT_M12-05979,STEEL BOLT M12 GRADE B,"{""grade"": ""B"", ""size"": ""M12"", ""standard"": ""ISO 4014""}",bolt_m12,exact
cpse-03463,erp,VALVE-03463,GATE VALVE 50mm 150 PSI,"{""pressure"": ""150 psi"", ""size"": ""50 mm"", ""standard"": ""API 600""}",valve,unit_format
cpse-01175,catalogue,GASKET-01175,SPIRAL WOUND GASKET DN50,"{""size"": ""DN50"", ""standard"": ""ASME B16.20""}",gasket,terminology
cpse-09083,catalogue,GASKET-09083,MATÉRIEL SPIRAL WOUND GASKET DN50,"{""size"": ""DN50"", ""standard"": ""ASME B16.20""}",gasket,multilingual
cpse-01628,catalogue,CABLE-01628,CÂBLE PUISSANCE 4 ÂMES 240 V,"{""size"": ""4 core"", ""voltage"": ""240 V""}",cable,multilingual
cpse-03598,erp,UNRELATED_299-03598,UNRELATED MATERIAL 299 CERAMIC LINER,"{""size"": ""399 mm"", ""standard"": ""CPSE-OTHER""}",unrelated_299,unrelated
cpse-05092,erp,NUT_M10-05092,STL HEX NUT M10 GR B,"{""grade"": ""B"", ""size"": ""M10"", ""standard"": ""ISO 4032""}",nut_m10,abbreviation
cpse-06891,maintenance,BOLT_M12-06891,STL BLT M12 GR B,"{""grade"": ""B"", ""size"": ""M12"", ""standard"": ""ISO 4014""}",bolt_m12,abbreviation
cpse-08604,maintenance,MOTOR-08604,INDUCTION MOTOR 5 KW 415 V,"{""size"": ""5 kW"", ""voltage"": ""415 V""}",motor,exact
cpse-05681,catalogue,WASHER-05681,MATÉRIEL STEEL WASHER M10,"{""size"": ""M10"", ""standard"": ""ISO 7089""}",washer,multilingual
cpse-04826,catalogue,BOLT_C-04826,STL BLT M10 GR C,"{""grade"": ""C"", ""size"": ""M10"", ""standard"": ""ISO 4014""}",bolt_c,abbreviation
cpse-00699,maintenance,BOLT_M12-00699,STEEL FASTENER M12 GRADE B,"{""grade"": ""B"", ""size"": ""M12"", ""standard"": ""ISO 4014""}",bolt_m12,terminology
cpse-08786,catalogue,BOLT_C-08786,STEEL BOLT M10 GRADE C,"{""grade"": ""C"", ""size"": ""M10"", ""standard"": ""ISO 4014""}",bolt_c,exact
cpse-02496,maintenance,MOTOR-02496,MATÉRIEL INDUCTION MOTOR 5 KW 415 V,"{""size"": ""5 kW"", ""voltage"": ""415 V""}",motor,multilingual
cpse-00736,erp,NUT_M10-00736,STEEL HEX NUT M10 GRADE B,"{""grade"": ""B"", ""size"": ""M10"", ""standard"": ""ISO 4032""}",nut_m10,exact
cpse-03385,erp,BOLT_B-03385,БОЛТ СТАЛЬ M10 КЛАСС B,"{""grade"": ""B"", ""size"": ""M10"", ""standard"": ""ISO 4014""}",bolt_b,multilingual
cpse-03518,catalogue,BOLT_C-03518,БОЛТ СТАЛЬ M10 КЛАСС C,"{""grade"": ""C"", ""size"": ""M10"", ""standard"": ""ISO 4014""}",bolt_c,multilingual
cpse-07389,maintenance,BEARING-07389,MATÉRIEL DEEP GROOVE BALL BEARING 6205,"{""size"": ""6205"", ""standard"": ""ISO 15""}",bearing,multilingual
cpse-07660,erp,NUT_M10-07660,CARBON STEEL HEX NUT M10 GRADE B,"{""grade"": ""B"", ""size"": ""M10"", ""standard"": ""ISO 4032""}",nut_m10,near_duplicate
cpse-06485,catalogue,WASHER-06485,STL WASHER M10,"{""size"": ""M10"", ""standard"": ""ISO 7089""}",washer,abbreviation
cpse-06401,catalogue,WASHER-06401,STL WASHER M10,"{""size"": ""M10"", ""standard"": ""ISO 7089""}",washer,abbreviation
cpse-07404,maintenance,MOTOR-07404,INDUCTION MOTOR 5 KW 415 V,"{""size"": ""5 kW"", ""voltage"": ""415 V""}",motor,unit_format
cpse-05195,catalogue,GASKET-05195,SPIRAL WOUND GASKET DN50,"{""size"": ""DN50"", ""standard"": ""ASME B16.20""}",gasket,exact
cpse-03524,catalogue,CABLE-03524,POWER CABLE 4 CORE 240 V,"{""size"": ""4 core"", ""voltage"": ""240 V""}",cable,abbreviation
cpse-07460,catalogue,CABLE-07460,POWER CABLE 4 CORE 240VAC,"{""size"": ""4 core"", ""voltage"": ""240 V""}",cable,unit_format
cpse-00574,erp,UNRELATED_47-00574,UNRELATED MATERIAL 47 CERAMIC LINER,"{""size"": ""147 mm"", ""standard"": ""CPSE-OTHER""}",unrelated_47,unrelated
cpse-07604,catalogue,CABLE-07604,POWER CABLE 4 CORE 240 V,"{""size"": ""4 core"", ""voltage"": ""240 V""}",cable,near_duplicate
cpse-04055,catalogue,GASKET-04055,SPIRAL WOUND GASKET DN50,"{""size"": ""DN50"", ""standard"": ""ASME B16.20""}",gasket,near_duplicate
cpse-09579,maintenance,BOLT_M12-09579,STL BLT M12 GR B,"{""grade"": ""B"", ""size"": ""M12"", ""standard"": ""ISO 4014""}",bolt_m12,abbreviation
cpse-01266,maintenance,PIPE-01266,CARBON STEEL TUBE 50 MM SCH 40,"{""size"": ""50 mm"", ""standard"": ""ASTM A106""}",pipe,terminology
cpse-04691,catalogue,GASKET-04691,SPIRAL WOUND GASKET DN50,"{""size"": ""DN50"", ""standard"": ""ASME B16.20""}",gasket,exact
cpse-07728,maintenance,UNRELATED_643-07728,UNRELATED MATERIAL 643 CERAMIC LINER,"{""size"": ""743 mm"", ""standard"": ""CPSE-OTHER""}",unrelated_643,unrelated
cpse-02714,catalogue,BOLT_C-02714,STEEL BOLT 10 mm GRADE C,"{""grade"": ""C"", ""size"": ""M10"", ""standard"": ""ISO 4014""}",bolt_c,unit_format
cpse-02565,maintenance,BEARING-02565,DEEP GROOVE BALL BEARING 6205,"{""size"": ""6205"", ""standard"": ""ISO 15""}",bearing,abbreviation
cpse-00438,maintenance,PIPE-00438,TUBO ACERO CARBONO 50 MM SCH 40,"{""size"": ""50 mm"", ""standard"": ""ASTM A106""}",pipe,multilingual
cpse-00412,erp,NUT_M10-00412,STEEL HEX NUT M10 GRADE B,"{""grade"": ""B"", ""size"": ""M10"", ""standard"": ""ISO 4032""}",nut_m10,terminology
cpse-08252,catalogue,CABLE-08252,POWER CABLE 4 CORE 240 V,"{""size"": ""4 core"", ""voltage"": ""240 V""}",cable,terminology
cpse-07233,maintenance,BEARING-07233,DEEP GROOVE BALL BEARING 6205,"{""size"": ""6205"", ""standard"": ""ISO 15""}",bearing,near_duplicate
cpse-02481,maintenance,BEARING-02481,DEEP GROOVE BALL BEARING 6205,"{""size"": ""6205"", ""standard"": ""ISO 15""}",bearing,abbreviation
cpse-02130,maintenance,PIPE-02130,CARBON CARBON STEEL PIPE 50 MM SCH 40,"{""size"": ""50 mm"", ""standard"": ""ASTM A106""}",pipe,near_duplicate
cpse-06952,erp,NUT_M10-06952,STEEL HEX NUT M10 GRADE B,"{""grade"": ""B"", ""size"": ""M10"", ""standard"": ""ISO 4032""}",nut_m10,exact
cpse-03605,catalogue,UNRELATED_300-03605,UNRELATED MATERIAL 300 CERAMIC LINER,"{""size"": ""400 mm"", ""standard"": ""CPSE-OTHER""}",unrelated_300,unrelated
cpse-05893,erp,BOLT_B-05893,STEEL FASTENER M10 GRADE B,"{""grade"": ""B"", ""size"": ""M10"", ""standard"": ""ISO 4014""}",bolt_b,terminology
cpse-06961,erp,BOLT_B-06961,STL BLT M10 GR B,"{""grade"": ""B"", ""size"": ""M10"", ""standard"": ""ISO 4014""}",bolt_b,abbreviation
cpse-08266,erp,FLANGE-08266,WELD NECK FLANGE DN50 PN16,"{""pressure"": ""PN16"", ""size"": ""DN50"", ""standard"": ""EN 1092""}",flange,terminology
cpse-03068,catalogue,CABLE-03068,POWER CABLE 4 CORE 240 V,"{""size"": ""4 core"", ""voltage"": ""240 V""}",cable,near_duplicate
cpse-09132,maintenance,MOTOR-09132,MATÉRIEL INDUCTION MOTOR 5 KW 415 V,"{""size"": ""5 kW"", ""voltage"": ""415 V""}",motor,multilingual
cpse-00049,erp,UNRELATED_4-00049,UNRELATED MATERIAL 4 CERAMIC LINER,"{""size"": ""104 mm"", ""standard"": ""CPSE-OTHER""}",unrelated_4,unrelated
cpse-02178,maintenance,PIPE-02178,CARBON STEEL PIPE 50 MM SCH 40,"{""size"": ""50 mm"", ""standard"": ""ASTM A106""}",pipe,exact
cpse-07224,maintenance,UNRELATED_601-07224,UNRELATED MATERIAL 601 CERAMIC LINER,"{""size"": ""701 mm"", ""standard"": ""CPSE-OTHER""}",unrelated_601,unrelated
cpse-03219,maintenance,BOLT_M12-03219,STEEL FASTENER M12 GRADE B,"{""grade"": ""B"", ""size"": ""M12"", ""standard"": ""ISO 4014""}",bolt_m12,terminology
cpse-06209,catalogue,UNRELATED_517-06209,UNRELATED MATERIAL 517 CERAMIC LINER,"{""size"": ""617 mm"", ""standard"": ""CPSE-OTHER""}",unrelated_517,unrelated
cpse-03467,catalogue,GASKET-03467,SPIRAL WOUND GASKET DN50,"{""size"": ""DN50"", ""standard"": ""ASME B16.20""}",gasket,near_duplicate
cpse-03666,maintenance,PIPE-03666,CARBON STEEL PIPE 50mm SCH 40,"{""size"": ""50 mm"", ""standard"": ""ASTM A106""}",pipe,unit_format
cpse-08729,catalogue,UNRELATED_727-08729,UNRELATED MATERIAL 727 CERAMIC LINER,"{""size"": ""827 mm"", ""standard"": ""CPSE-OTHER""}",unrelated_727,unrelated
cpse-09874,erp,FLANGE-09874,MATÉRIEL WELD NECK FLANGE DN50 PN16,"{""pressure"": ""PN16"", ""size"": ""DN50"", ""standard"": ""EN 1092""}",flange,multilingual
cpse-01103,catalogue,GASKET-01103,MATÉRIEL SPIRAL WOUND GASKET DN50,"{""size"": ""DN50"", ""standard"": ""ASME B16.20""}",gasket,multilingual
cpse-03909,maintenance,BEARING-03909,DEEP GROOVE BALL BEARING 6205,"{""size"": ""6205"", ""standard"": ""ISO 15""}",bearing,abbreviation
cpse-04612,erp,NUT_M10-04612,STEEL HEX NUT M10 GRADE B,"{""grade"": ""B"", ""size"": ""M10"", ""standard"": ""ISO 4032""}",nut_m10,terminology
cpse-03382,erp,FLANGE-03382,WELD NECK FLANGE DN50 PN16,"{""pressure"": ""PN16"", ""size"": ""DN50"", ""standard"": ""EN 1092""}",flange,exact
cpse-01070,catalogue,BOLT_C-01070,STEEL FASTENER M10 GRADE C,"{""grade"": ""C"", ""size"": ""M10"", ""standard"": ""ISO 4014""}",bolt_c,terminology
cpse-06530,catalogue,BOLT_C-06530,STEEL FASTENER M10 GRADE C,"{""grade"": ""C"", ""size"": ""M10"", ""standard"": ""ISO 4014""}",bolt_c,terminology
cpse-09644,catalogue,CABLE-09644,POWER CABLE 4 CORE 240VAC,"{""size"": ""4 core"", ""voltage"": ""240 V""}",cable,unit_format
cpse-04448,catalogue,CABLE-04448,POWER CABLE 4 CORE 240 V,"{""size"": ""4 core"", ""voltage"": ""240 V""}",cable,abbreviation
cpse-01619,catalogue,GASKET-01619,SPIRAL WOUND GASKET DN50,"{""size"": ""DN50"", ""standard"": ""ASME B16.20""}",gasket,near_duplicate
cpse-09952,erp,NUT_M10-09952,STEEL HEX NUT 10 mm GRADE B,"{""grade"": ""B"", ""size"": ""M10"", ""standard"": ""ISO 4032""}",nut_m10,unit_format
cpse-06458,catalogue,BOLT_C-06458,БОЛТ СТАЛЬ M10 КЛАСС C,"{""grade"": ""C"", ""size"": ""M10"", ""standard"": ""ISO 4014""}",bolt_c,multilingual
cpse-08964,maintenance,MOTOR-08964,MATÉRIEL INDUCTION MOTOR 5 KW 415 V,"{""size"": ""5 kW"", ""voltage"": ""415 V""}",motor,multilingual
cpse-05453,catalogue,UNRELATED_454-05453,UNRELATED MATERIAL 454 CERAMIC LINER,"{""size"": ""554 mm"", ""standard"": ""CPSE-OTHER""}",unrelated_454,unrelated
cpse-06974,catalogue,BOLT_C-06974,CARBON STEEL HEX BOLT M10 GRADE C,"{""grade"": ""C"", ""size"": ""M10"", ""standard"": ""ISO 4014""}",bolt_c,near_duplicate
cpse-03129,maintenance,UNRELATED_260-03129,UNRELATED MATERIAL 260 CERAMIC LINER,"{""size"": ""360 mm"", ""standard"": ""CPSE-OTHER""}",unrelated_260,unrelated
cpse-01624,erp,UNRELATED_135-01624,UNRELATED MATERIAL 135 CERAMIC LINER,"{""size"": ""235 mm"", ""standard"": ""CPSE-OTHER""}",unrelated_135,unrelated
cpse-00739,erp,VALVE-00739,VÁLVULA COMPUERTA 50 MM 150 PSI,"{""pressure"": ""150 psi"", ""size"": ""50 mm"", ""standard"": ""API 600""}",valve,multilingual
cpse-02758,erp,UNRELATED_229-02758,UNRELATED MATERIAL 229 CERAMIC LINER,"{""size"": ""329 mm"", ""standard"": ""CPSE-OTHER""}",unrelated_229,unrelated
cpse-06789,maintenance,BEARING-06789,DEEP GROOVE BALL BEARING 6205,"{""size"": ""6205"", ""standard"": ""ISO 15""}",bearing,terminology
cpse-07098,maintenance,UNRELATED_591-07098,UNRELATED MATERIAL 591 CERAMIC LINER,"{""size"": ""691 mm"", ""standard"": ""CPSE-OTHER""}",unrelated_591,unrelated
cpse-02560,erp,NUT_M10-02560,STEEL HEX NUT 10 mm GRADE B,"{""grade"": ""B"", ""size"": ""M10"", ""standard"": ""ISO 4032""}",nut_m10,unit_format
cpse-08561,catalogue,UNRELATED_713-08561,UNRELATED MATERIAL 713 CERAMIC LINER,"{""size"": ""813 mm"", ""standard"": ""CPSE-OTHER""}",unrelated_713,unrelated
cpse-02912,catalogue,UNRELATED_242-02912,UNRELATED MATERIAL 242 CERAMIC LINER,"{""size"": ""342 mm"", ""standard"": ""CPSE-OTHER""}",unrelated_242,unrelated
cpse-05140,erp,NUT_M10-05140,CARBON STEEL HEX NUT M10 GRADE B,"{""grade"": ""B"", ""size"": ""M10"", ""standard"": ""ISO 4032""}",nut_m10,near_duplicate
cpse-01477,erp,UNRELATED_123-01477,UNRELATED MATERIAL 123 CERAMIC LINER,"{""size"": ""223 mm"", ""standard"": ""CPSE-OTHER""}",unrelated_123,unrelated
cpse-06102,maintenance,PIPE-06102,CARBON STEEL PIPE 50mm SCH 40,"{""size"": ""50 mm"", ""standard"": ""ASTM A106""}",pipe,unit_format
cpse-04291,erp,UNRELATED_357-04291,UNRELATED MATERIAL 357 CERAMIC LINER,"{""size"": ""457 mm"", ""standard"": ""CPSE-OTHER""}",unrelated_357,unrelated
cpse-00464,catalogue,CABLE-00464,POWER CABLE 4 CORE 240 V,"{""size"": ""4 core"", ""voltage"": ""240 V""}",cable,near_duplicate
cpse-01315,erp,VALVE-01315,GATE VALVE 50 MM 150 PSI,"{""pressure"": ""150 psi"", ""size"": ""50 mm"", ""standard"": ""API 600""}",valve,terminology
cpse-01400,catalogue,UNRELATED_116-01400,UNRELATED MATERIAL 116 CERAMIC LINER,"{""size"": ""216 mm"", ""standard"": ""CPSE-OTHER""}",unrelated_116,unrelated
cpse-07884,maintenance,MOTOR-07884,INDUCTION MOTOR 5 KW 415 V,"{""size"": ""5 kW"", ""voltage"": ""415 V""}",motor,near_duplicate
cpse-04018,erp,UNRELATED_334-04018,UNRELATED MATERIAL 334 CERAMIC LINER,"{""size"": ""434 mm"", ""standard"": ""CPSE-OTHER""}",unrelated_334,unrelated
cpse-00445,erp,BOLT_B-00445,БОЛТ СТАЛЬ M10 КЛАСС B,"{""grade"": ""B"", ""size"": ""M10"", ""standard"": ""ISO 4014""}",bolt_b,multilingual
cpse-00928,erp,NUT_M10-00928,MATÉRIEL STEEL HEX NUT M10 GRADE B,"{""grade"": ""B"", ""size"": ""M10"", ""standard"": ""ISO 4032""}",nut_m10,multilingual
cpse-03292,erp,NUT_M10-03292,CARBON STEEL HEX NUT M10 GRADE B,"{""grade"": ""B"", ""size"": ""M10"", ""standard"": ""ISO 4032""}",nut_m10,near_duplicate
cpse-00999,maintenance,BOLT_M12-00999,STEEL BOLT M12 GRADE B,"{""grade"": ""B"", ""size"": ""M12"", ""standard"": ""ISO 4014""}",bolt_m12,unit_format
cpse-05413,erp,BOLT_B-05413,CARBON STEEL HEX BOLT M10 GRADE B,"{""grade"": ""B"", ""size"": ""M10"", ""standard"": ""ISO 4014""}",bolt_b,near_duplicate
cpse-03478,erp,FLANGE-03478,WELD NECK FLANGE DN50 PN16,"{""pressure"": ""PN16"", ""size"": ""DN50"", ""standard"": ""EN 1092""}",flange,terminology
cpse-02587,erp,VALVE-02587,VÁLVULA COMPUERTA 50 MM 150 PSI,"{""pressure"": ""150 psi"", ""size"": ""50 mm"", ""standard"": ""API 600""}",valve,multilingual
cpse-09163,erp,UNRELATED_763-09163,UNRELATED MATERIAL 763 CERAMIC LINER,"{""size"": ""863 mm"", ""standard"": ""CPSE-OTHER""}",unrelated_763,unrelated
cpse-03517,erp,BOLT_B-03517,STL BLT M10 GR B,"{""grade"": ""B"", ""size"": ""M10"", ""standard"": ""ISO 4014""}",bolt_b,abbreviation
cpse-01576,erp,NUT_M10-01576,STEEL HEX NUT M10 GRADE B,"{""grade"": ""B"", ""size"": ""M10"", ""standard"": ""ISO 4032""}",nut_m10,exact
cpse-04961,catalogue,WASHER-04961,STEEL WASHER 10 mm,"{""size"": ""M10"", ""standard"": ""ISO 7089""}",washer,unit_format
cpse-02405,catalogue,WASHER-02405,MATÉRIEL STEEL WASHER M10,"{""size"": ""M10"", ""standard"": ""ISO 7089""}",washer,multilingual
cpse-01813,erp,UNRELATED_151-01813,UNRELATED MATERIAL 151 CERAMIC LINER,"{""size"": ""251 mm"", ""standard"": ""CPSE-OTHER""}",unrelated_151,unrelated
cpse-03022,erp,FLANGE-03022,WELD NECK FLANGE DN50 PN16,"{""pressure"": ""PN16"", ""size"": ""DN50"", ""standard"": ""EN 1092""}",flange,unit_format
cpse-03625,erp,BOLT_B-03625,STEEL FASTENER M10 GRADE B,"{""grade"": ""B"", ""size"": ""M10"", ""standard"": ""ISO 4014""}",bolt_b,terminology
cpse-06849,maintenance,BEARING-06849,DEEP GROOVE BALL BEARING 6205,"{""size"": ""6205"", ""standard"": ""ISO 15""}",bearing,abbreviation
cpse-08681,catalogue,WASHER-08681,STEEL WASHER M10,"{""size"": ""M10"", ""standard"": ""ISO 7089""}",washer,exact
cpse-04462,erp,FLANGE-04462,WELD NECK FLANGE DN50 PN16,"{""pressure"": ""PN16"", ""size"": ""DN50"", ""standard"": ""EN 1092""}",flange,abbreviation
cpse-08718,maintenance,PIPE-08718,CARBON STL PIPE 50 MM SCH 40,"{""size"": ""50 mm"", ""standard"": ""ASTM A106""}",pipe,abbreviation
cpse-03020,catalogue,CABLE-03020,POWER CABLE 4 CORE 240 V,"{""size"": ""4 core"", ""voltage"": ""240 V""}",cable,abbreviation
cpse-04678,erp,FLANGE-04678,WELD NECK FLANGE DN50 PN16,"{""pressure"": ""PN16"", ""size"": ""DN50"", ""standard"": ""EN 1092""}",flange,near_duplicate
cpse-00344,catalogue,CABLE-00344,POWER CABLE 4 CORE 240 V,"{""size"": ""4 core"", ""voltage"": ""240 V""}",cable,exact
cpse-09217,erp,BOLT_B-09217,STEEL BOLT 10 mm GRADE B,"{""grade"": ""B"", ""size"": ""M10"", ""standard"": ""ISO 4014""}",bolt_b,unit_format
cpse-04282,erp,FLANGE-04282,WELD NECK FLANGE DN50 PN16,"{""pressure"": ""PN16"", ""size"": ""DN50"", ""standard"": ""EN 1092""}",flange,unit_format
cpse-02815,erp,VALVE-02815,GATE VALVE 50 MM 150 PSI,"{""pressure"": ""150 psi"", ""size"": ""50 mm"", ""standard"": ""API 600""}",valve,exact
cpse-03317,catalogue,WASHER-03317,STEEL WASHER M10,"{""size"": ""M10"", ""standard"": ""ISO 7089""}",washer,terminology
cpse-07541,catalogue,WASHER-07541,CARBON STEEL WASHER M10,"{""size"": ""M10"", ""standard"": ""ISO 7089""}",washer,near_duplicate
cpse-03872,catalogue,CABLE-03872,POWER CABLE 4 CORE 240 V,"{""size"": ""4 core"", ""voltage"": ""240 V""}",cable,exact
cpse-00281,catalogue,WASHER-00281,STEEL WASHER M10,"{""size"": ""M10"", ""standard"": ""ISO 7089""}",washer,exact
cpse-05096,catalogue,UNRELATED_424-05096,UNRELATED MATERIAL 424 CERAMIC LINER,"{""size"": ""524 mm"", ""standard"": ""CPSE-OTHER""}",unrelated_424,unrelated
cpse-07478,catalogue,BOLT_C-07478,CARBON STEEL HEX BOLT M10 GRADE C,"{""grade"": ""C"", ""size"": ""M10"", ""standard"": ""ISO 4014""}",bolt_c,near_duplicate
cpse-01728,maintenance,MOTOR-01728,INDUCTION MOTOR 5 KW 415 V,"{""size"": ""5 kW"", ""voltage"": ""415 V""}",motor,terminology
cpse-08733,maintenance,BEARING-08733,MATÉRIEL DEEP GROOVE BALL BEARING 6205,"{""size"": ""6205"", ""standard"": ""ISO 15""}",bearing,multilingual
cpse-08255,catalogue,GASKET-08255,SPIRAL WOUND GASKET DN50,"{""size"": ""DN50"", ""standard"": ""ASME B16.20""}",gasket,near_duplicate
cpse-00511,erp,UNRELATED_42-00511,UNRELATED MATERIAL 42 CERAMIC LINER,"{""size"": ""142 mm"", ""standard"": ""CPSE-OTHER""}",unrelated_42,unrelated
cpse-07020,maintenance,MOTOR-07020,INDUCTION MOTOR 5 KW 415 V,"{""size"": ""5 kW"", ""voltage"": ""415 V""}",motor,terminology
cpse-04936,erp,NUT_M10-04936,STEEL HEX NUT M10 GRADE B,"{""grade"": ""B"", ""size"": ""M10"", ""standard"": ""ISO 4032""}",nut_m10,exact
cpse-06750,maintenance,PIPE-06750,CARBON CARBON STEEL PIPE 50 MM SCH 40,"{""size"": ""50 mm"", ""standard"": ""ASTM A106""}",pipe,near_duplicate
cpse-09238,erp,FLANGE-09238,WELD NECK FLANGE DN50 PN16,"{""pressure"": ""PN16"", ""size"": ""DN50"", ""standard"": ""EN 1092""}",flange,unit_format
cpse-08165,catalogue,WASHER-08165,STL WASHER M10,"{""size"": ""M10"", ""standard"": ""ISO 7089""}",washer,abbreviation
cpse-08400,maintenance,UNRELATED_699-08400,UNRELATED MATERIAL 699 CERAMIC LINER,"{""size"": ""799 mm"", ""standard"": ""CPSE-OTHER""}",unrelated_699,unrelated
cpse-03344,catalogue,CABLE-03344,POWER CABLE 4 CORE 240VAC,"{""size"": ""4 core"", ""voltage"": ""240 V""}",cable,unit_format
cpse-00760,erp,NUT_M10-00760,MATÉRIEL STEEL HEX NUT M10 GRADE B,"{""grade"": ""B"", ""size"": ""M10"", ""standard"": ""ISO 4032""}",nut_m10,multilingual
cpse-03699,maintenance,BOLT_M12-03699,STL BLT M12 GR B,"{""grade"": ""B"", ""size"": ""M12"", ""standard"": ""ISO 4014""}",bolt_m12,abbreviation
cpse-09826,erp,FLANGE-09826,WELD NECK FLANGE DN50 PN16,"{""pressure"": ""PN16"", ""size"": ""DN50"", ""standard"": ""EN 1092""}",flange,unit_format
cpse-04413,maintenance,BEARING-04413,DEEP GROOVE BALL BEARING 6205,"{""size"": ""6205"", ""standard"": ""ISO 15""}",bearing,abbreviation
cpse-07112,catalogue,UNRELATED_592-07112,UNRELATED MATERIAL 592 CERAMIC LINER,"{""size"": ""692 mm"", ""standard"": ""CPSE-OTHER""}",unrelated_592,unrelated
cpse-05587,erp,VALVE-05587,GATE VALVE 50 MM 150 PSI,"{""pressure"": ""150 psi"", ""size"": ""50 mm"", ""standard"": ""API 600""}",valve,exact
cpse-03135,maintenance,BOLT_M12-03135,STEEL FASTENER M12 GRADE B,"{""grade"": ""B"", ""size"": ""M12"", ""standard"": ""ISO 4014""}",bolt_m12,terminology
cpse-03959,catalogue,GASKET-03959,MATÉRIEL SPIRAL WOUND GASKET DN50,"{""size"": ""DN50"", ""standard"": ""ASME B16.20""}",gasket,multilingual
cpse-05700,maintenance,MOTOR-05700,INDUCTION MOTOR 5 KW 415 V,"{""size"": ""5 kW"", ""voltage"": ""415 V""}",motor,near_duplicate
cpse-08928,maintenance,MOTOR-08928,INDUCTION MOTOR 5 KW 415 V,"{""size"": ""5 kW"", ""voltage"": ""415 V""}",motor,abbreviation
cpse-06920,catalogue,CABLE-06920,CÂBLE PUISSANCE 4 ÂMES 240 V,"{""size"": ""4 core"", ""voltage"": ""240 V""}",cable,multilingual
cpse-09999,maintenance,BOLT_M12-09999,STL BLT M12 GR B,"{""grade"": ""B"", ""size"": ""M12"", ""standard"": ""ISO 4014""}",bolt_m12,abbreviation
cpse-08641,erp,BOLT_B-08641,STL BLT M10 GR B,"{""grade"": ""B"", ""size"": ""M10"", ""standard"": ""ISO 4014""}",bolt_b,abbreviation
cpse-01405,erp,BOLT_B-01405,STEEL BOLT 10 mm GRADE B,"{""grade"": ""B"", ""size"": ""M10"", ""standard"": ""ISO 4014""}",bolt_b,unit_format
cpse-08864,catalogue,CABLE-08864,POWER CABLE 4 CORE 240 V,"{""size"": ""4 core"", ""voltage"": ""240 V""}",cable,near_duplicate
cpse-09474,maintenance,PIPE-09474,CARBON STL PIPE 50 MM SCH 40,"{""size"": ""50 mm"", ""standard"": ""ASTM A106""}",pipe,abbreviation
cpse-03079,erp,VALVE-03079,GATE VALVE 50 MM 150 PSI,"{""pressure"": ""150 psi"", ""size"": ""50 mm"", ""standard"": ""API 600""}",valve,terminology
cpse-07605,maintenance,BEARING-07605,DEEP GROOVE BALL BEARING 6205,"{""size"": ""6205"", ""standard"": ""ISO 15""}",bearing,abbreviation
cpse-07502,catalogue,BOLT_C-07502,STEEL BOLT 10 mm GRADE C,"{""grade"": ""C"", ""size"": ""M10"", ""standard"": ""ISO 4014""}",bolt_c,unit_format
cpse-05677,erp,UNRELATED_473-05677,UNRELATED MATERIAL 473 CERAMIC LINER,"{""size"": ""573 mm"", ""standard"": ""CPSE-OTHER""}",unrelated_473,unrelated
cpse-09867,maintenance,BOLT_M12-09867,MATÉRIEL STEEL BOLT M12 GRADE B,"{""grade"": ""B"", ""size"": ""M12"", ""standard"": ""ISO 4014""}",bolt_m12,multilingual
cpse-06215,catalogue,GASKET-06215,SPIRAL WOUND GASKET DN50,"{""size"": ""DN50"", ""standard"": ""ASME B16.20""}",gasket,terminology
cpse-04991,catalogue,UNRELATED_415-04991,UNRELATED MATERIAL 415 CERAMIC LINER,"{""size"": ""515 mm"", ""standard"": ""CPSE-OTHER""}",unrelated_415,unrelated
cpse-09800,catalogue,UNRELATED_816-09800,UNRELATED MATERIAL 816 CERAMIC LINER,"{""size"": ""916 mm"", ""standard"": ""CPSE-OTHER""}",unrelated_816,unrelated
cpse-02634,maintenance,PIPE-02634,CARBON CARBON STEEL PIPE 50 MM SCH 40,"{""size"": ""50 mm"", ""standard"": ""ASTM A106""}",pipe,near_duplicate
cpse-03237,maintenance,BEARING-03237,DEEP GROOVE BALL BEARING 6205,"{""size"": ""6205"", ""standard"": ""ISO 15""}",bearing,abbreviation
cpse-07355,catalogue,GASKET-07355,SPIRAL WOUND GASKET DN50,"{""size"": ""DN50"", ""standard"": ""ASME B16.20""}",gasket,unit_format
cpse-03426,maintenance,PIPE-03426,CARBON STL PIPE 50 MM SCH 40,"{""size"": ""50 mm"", ""standard"": ""ASTM A106""}",pipe,abbreviation
cpse-07042,erp,UNRELATED_586-07042,UNRELATED MATERIAL 586 CERAMIC LINER,"{""size"": ""686 mm"", ""standard"": ""CPSE-OTHER""}",unrelated_586,unrelated
cpse-04067,catalogue,UNRELATED_338-04067,UNRELATED MATERIAL 338 CERAMIC LINER,"{""size"": ""438 mm"", ""standard"": ""CPSE-OTHER""}",unrelated_338,unrelated
cpse-00349,erp,BOLT_B-00349,STEEL FASTENER M10 GRADE B,"{""grade"": ""B"", ""size"": ""M10"", ""standard"": ""ISO 4014""}",bolt_b,terminology
cpse-09878,catalogue,BOLT_C-09878,STEEL BOLT M10 GRADE C,"{""grade"": ""C"", ""size"": ""M10"", ""standard"": ""ISO 4014""}",bolt_c,exact
cpse-01641,maintenance,BEARING-01641,DEEP GROOVE BALL BEARING 6205,"{""size"": ""6205"", ""standard"": ""ISO 15""}",bearing,abbreviation
cpse-00690,maintenance,PIPE-00690,TUBO ACERO CARBONO 50 MM SCH 40,"{""size"": ""50 mm"", ""standard"": ""ASTM A106""}",pipe,multilingual
cpse-02020,erp,NUT_M10-02020,MATÉRIEL STEEL HEX NUT M10 GRADE B,"{""grade"": ""B"", ""size"": ""M10"", ""standard"": ""ISO 4032""}",nut_m10,multilingual
cpse-04521,maintenance,BEARING-04521,DEEP GROOVE BALL BEARING 6205,"{""size"": ""6205"", ""standard"": ""ISO 15""}",bearing,terminology
cpse-03672,maintenance,MOTOR-03672,MATÉRIEL INDUCTION MOTOR 5 KW 415 V,"{""size"": ""5 kW"", ""voltage"": ""415 V""}",motor,multilingual
cpse-01539,maintenance,BOLT_M12-01539,STEEL FASTENER M12 GRADE B,"{""grade"": ""B"", ""size"": ""M12"", ""standard"": ""ISO 4014""}",bolt_m12,terminology
cpse-04173,maintenance,BEARING-04173,DEEP GROOVE BALL BEARING 6205,"{""size"": ""6205"", ""standard"": ""ISO 15""}",bearing,exact
cpse-00147,maintenance,UNRELATED_12-00147,UNRELATED MATERIAL 12 CERAMIC LINER,"{""size"": ""112 mm"", ""standard"": ""CPSE-OTHER""}",unrelated_12,unrelated
cpse-00988,erp,NUT_M10-00988,STEEL HEX NUT M10 GRADE B,"{""grade"": ""B"", ""size"": ""M10"", ""standard"": ""ISO 4032""}",nut_m10,exact
cpse-05018,catalogue,BOLT_C-05018,STEEL FASTENER M10 GRADE C,"{""grade"": ""C"", ""size"": ""M10"", ""standard"": ""ISO 4014""}",bolt_c,terminology
cpse-07257,maintenance,BEARING-07257,DEEP GROOVE BALL BEARING 6205,"{""size"": ""6205"", ""standard"": ""ISO 15""}",bearing,unit_format
cpse-06823,erp,VALVE-06823,GATE VALVE 50mm 150 PSI,"{""pressure"": ""150 psi"", ""size"": ""50 mm"", ""standard"": ""API 600""}",valve,unit_format
cpse-09121,erp,UNRELATED_760-09121,UNRELATED MATERIAL 760 CERAMIC LINER,"{""size"": ""860 mm"", ""standard"": ""CPSE-OTHER""}",unrelated_760,unrelated
cpse-00932,catalogue,CABLE-00932,POWER CABLE 4 CORE 240 V,"{""size"": ""4 core"", ""voltage"": ""240 V""}",cable,exact
cpse-04395,maintenance,BOLT_M12-04395,STEEL FASTENER M12 GRADE B,"{""grade"": ""B"", ""size"": ""M12"", ""standard"": ""ISO 4014""}",bolt_m12,terminology
cpse-04187,catalogue,GASKET-04187,SPIRAL WOUND GASKET DN50,"{""size"": ""DN50"", ""standard"": ""ASME B16.20""}",gasket,exact
cpse-07895,catalogue,GASKET-07895,SPIRAL WOUND GASKET DN50,"{""size"": ""DN50"", ""standard"": ""ASME B16.20""}",gasket,terminology
cpse-09156,maintenance,UNRELATED_762-09156,UNRELATED MATERIAL 762 CERAMIC LINER,"{""size"": ""862 mm"", ""standard"": ""CPSE-OTHER""}",unrelated_762,unrelated
cpse-07500,maintenance,MOTOR-07500,INDUCTION MOTOR 5 KW 415 V,"{""size"": ""5 kW"", ""voltage"": ""415 V""}",motor,abbreviation
cpse-09690,maintenance,PIPE-09690,CARBON CARBON STEEL PIPE 50 MM SCH 40,"{""size"": ""50 mm"", ""standard"": ""ASTM A106""}",pipe,near_duplicate
cpse-05595,maintenance,BOLT_M12-05595,CARBON STEEL HEX BOLT M12 GRADE B,"{""grade"": ""B"", ""size"": ""M12"", ""standard"": ""ISO 4014""}",bolt_m12,near_duplicate
cpse-00347,catalogue,GASKET-00347,MATÉRIEL SPIRAL WOUND GASKET DN50,"{""size"": ""DN50"", ""standard"": ""ASME B16.20""}",gasket,multilingual
cpse-03812,catalogue,CABLE-03812,CÂBLE PUISSANCE 4 ÂMES 240 V,"{""size"": ""4 core"", ""voltage"": ""240 V""}",cable,multilingual
cpse-03449,catalogue,WASHER-03449,STEEL WASHER 10 mm,"{""size"": ""M10"", ""standard"": ""ISO 7089""}",washer,unit_format
cpse-00353,catalogue,WASHER-00353,STL WASHER M10,"{""size"": ""M10"", ""standard"": ""ISO 7089""}",washer,abbreviation
cpse-04309,erp,BOLT_B-04309,БОЛТ СТАЛЬ M10 КЛАСС B,"{""grade"": ""B"", ""size"": ""M10"", ""standard"": ""ISO 4014""}",bolt_b,multilingual
cpse-02195,catalogue,GASKET-02195,MATÉRIEL SPIRAL WOUND GASKET DN50,"{""size"": ""DN50"", ""standard"": ""ASME B16.20""}",gasket,multilingual
cpse-05834,catalogue,BOLT_C-05834,STL BLT M10 GR C,"{""grade"": ""C"", ""size"": ""M10"", ""standard"": ""ISO 4014""}",bolt_c,abbreviation
cpse-08965,erp,BOLT_B-08965,STEEL BOLT 10 mm GRADE B,"{""grade"": ""B"", ""size"": ""M10"", ""standard"": ""ISO 4014""}",bolt_b,unit_format
cpse-01339,erp,VALVE-01339,GATE VALVE 50 MM 150 PSI,"{""pressure"": ""150 psi"", ""size"": ""50 mm"", ""standard"": ""API 600""}",valve,near_duplicate
cpse-08341,erp,BOLT_B-08341,БОЛТ СТАЛЬ M10 КЛАСС B,"{""grade"": ""B"", ""size"": ""M10"", ""standard"": ""ISO 4014""}",bolt_b,multilingual
cpse-08679,maintenance,BOLT_M12-08679,STEEL FASTENER M12 GRADE B,"{""grade"": ""B"", ""size"": ""M12"", ""standard"": ""ISO 4014""}",bolt_m12,terminology
cpse-06378,maintenance,PIPE-06378,CARBON STEEL PIPE 50 MM SCH 40,"{""size"": ""50 mm"", ""standard"": ""ASTM A106""}",pipe,exact
cpse-09514,erp,FLANGE-09514,WELD NECK FLANGE DN50 PN16,"{""pressure"": ""PN16"", ""size"": ""DN50"", ""standard"": ""EN 1092""}",flange,exact
cpse-02799,maintenance,BOLT_M12-02799,STEEL FASTENER M12 GRADE B,"{""grade"": ""B"", ""size"": ""M12"", ""standard"": ""ISO 4014""}",bolt_m12,terminology
cpse-01660,erp,NUT_M10-01660,STEEL HEX NUT M10 GRADE B,"{""grade"": ""B"", ""size"": ""M10"", ""standard"": ""ISO 4032""}",nut_m10,exact
cpse-08925,maintenance,UNRELATED_743-08925,UNRELATED MATERIAL 743 CERAMIC LINER,"{""size"": ""843 mm"", ""standard"": ""CPSE-OTHER""}",unrelated_743,unrelated
cpse-07883,catalogue,GASKET-07883,SPIRAL WOUND GASKET DN50,"{""size"": ""DN50"", ""standard"": ""ASME B16.20""}",gasket,exact
cpse-03380,catalogue,CABLE-03380,POWER CABLE 4 CORE 240 V,"{""size"": ""4 core"", ""voltage"": ""240 V""}",cable,terminology
cpse-00131,catalogue,GASKET-00131,SPIRAL WOUND GASKET DN50,"{""size"": ""DN50"", ""standard"": ""ASME B16.20""}",gasket,unit_format
cpse-09600,maintenance,MOTOR-09600,INDUCTION MOTOR 5 KW 415 V,"{""size"": ""5 kW"", ""voltage"": ""415 V""}",motor,abbreviation
cpse-09098,catalogue,BOLT_C-09098,STEEL BOLT 10 mm GRADE C,"{""grade"": ""C"", ""size"": ""M10"", ""standard"": ""ISO 4014""}",bolt_c,unit_format
cpse-08566,erp,FLANGE-08566,WELD NECK FLANGE DN50 PN16,"{""pressure"": ""PN16"", ""size"": ""DN50"", ""standard"": ""EN 1092""}",flange,unit_format
cpse-09284,catalogue,CABLE-09284,POWER CABLE 4 CORE 240 V,"{""size"": ""4 core"", ""voltage"": ""240 V""}",cable,near_duplicate
cpse-02467,erp,VALVE-02467,GATE VALVE 50 MM 150 PSI,"{""pressure"": ""150 psi"", ""size"": ""50 mm"", ""standard"": ""API 600""}",valve,abbreviation
cpse-06331,erp,VALVE-06331,GATE VALVE 50 MM 150 PSI,"{""pressure"": ""150 psi"", ""size"": ""50 mm"", ""standard"": ""API 600""}",valve,abbreviation
cpse-07466,catalogue,BOLT_C-07466,БОЛТ СТАЛЬ M10 КЛАСС C,"{""grade"": ""C"", ""size"": ""M10"", ""standard"": ""ISO 4014""}",bolt_c,multilingual
cpse-00754,erp,FLANGE-00754,WELD NECK FLANGE DN50 PN16,"{""pressure"": ""PN16"", ""size"": ""DN50"", ""standard"": ""EN 1092""}",flange,unit_format
cpse-06428,catalogue,CABLE-06428,POWER CABLE 4 CORE 240 V,"{""size"": ""4 core"", ""voltage"": ""240 V""}",cable,near_duplicate
cpse-03576,maintenance,MOTOR-03576,INDUCTION MOTOR 5 KW 415 V,"{""size"": ""5 kW"", ""voltage"": ""415 V""}",motor,terminology
cpse-03267,maintenance,BOLT_M12-03267,STEEL BOLT M12 GRADE B,"{""grade"": ""B"", ""size"": ""M12"", ""standard"": ""ISO 4014""}",bolt_m12,unit_format
cpse-03836,catalogue,UNRELATED_319-03836,UNRELATED MATERIAL 319 CERAMIC LINER,"{""size"": ""419 mm"", ""standard"": ""CPSE-OTHER""}",unrelated_319,unrelated
cpse-04566,maintenance,PIPE-04566,CARBON CARBON STEEL PIPE 50 MM SCH 40,"{""size"": ""50 mm"", ""standard"": ""ASTM A106""}",pipe,near_duplicate
cpse-08251,erp,VALVE-08251,GATE VALVE 50mm 150 PSI,"{""pressure"": ""150 psi"", ""size"": ""50 mm"", ""standard"": ""API 600""}",valve,unit_format
cpse-05349,maintenance,BEARING-05349,DEEP GROOVE BALL BEARING 6205,"{""size"": ""6205"", ""standard"": ""ISO 15""}",bearing,exact
cpse-04121,catalogue,WASHER-04121,STEEL WASHER 10 mm,"{""size"": ""M10"", ""standard"": ""ISO 7089""}",washer,unit_format
cpse-02204,catalogue,CABLE-02204,POWER CABLE 4 CORE 240 V,"{""size"": ""4 core"", ""voltage"": ""240 V""}",cable,terminology
cpse-06575,catalogue,GASKET-06575,SPIRAL WOUND GASKET DN50,"{""size"": ""DN50"", ""standard"": ""ASME B16.20""}",gasket,near_duplicate
cpse-04994,catalogue,BOLT_C-04994,STL BLT M10 GR C,"{""grade"": ""C"", ""size"": ""M10"", ""standard"": ""ISO 4014""}",bolt_c,abbreviation
cpse-02478,maintenance,UNRELATED_206-02478,UNRELATED MATERIAL 206 CERAMIC LINER,"{""size"": ""306 mm"", ""standard"": ""CPSE-OTHER""}",unrelated_206,unrelated
cpse-02148,maintenance,MOTOR-02148,INDUCTION MOTOR 5 KW 415 V,"{""size"": ""5 kW"", ""voltage"": ""415 V""}",motor,terminology
cpse-08054,catalogue,BOLT_C-08054,БОЛТ СТАЛЬ M10 КЛАСС C,"{""grade"": ""C"", ""size"": ""M10"", ""standard"": ""ISO 4014""}",bolt_c,multilingual
cpse-02792,catalogue,CABLE-02792,POWER CABLE 4 CORE 240 V,"{""size"": ""4 core"", ""voltage"": ""240 V""}",cable,terminology
cpse-02131,erp,VALVE-02131,GATE VALVE 50 MM 150 PSI,"{""pressure"": ""150 psi"", ""size"": ""50 mm"", ""standard"": ""API 600""}",valve,abbreviation
cpse-00537,maintenance,BEARING-00537,DEEP GROOVE BALL BEARING 6205,"{""size"": ""6205"", ""standard"": ""ISO 15""}",bearing,unit_format
cpse-02787,maintenance,BOLT_M12-02787,STEEL BOLT M12 GRADE B,"{""grade"": ""B"", ""size"": ""M12"", ""standard"": ""ISO 4014""}",bolt_m12,exact
cpse-06788,catalogue,CABLE-06788,POWER CABLE 4 CORE 240VAC,"{""size"": ""4 core"", ""voltage"": ""240 V""}",cable,unit_format
cpse-03258,maintenance,PIPE-03258,CARBON STL PIPE 50 MM SCH 40,"{""size"": ""50 mm"", ""standard"": ""ASTM A106""}",pipe,abbreviation
cpse-09606,maintenance,PIPE-09606,CARBON CARBON STEEL PIPE 50 MM SCH 40,"{""size"": ""50 mm"", ""standard"": ""ASTM A106""}",pipe,near_duplicate
cpse-09815,catalogue,GASKET-09815,SPIRAL WOUND GASKET DN50,"{""size"": ""DN50"", ""standard"": ""ASME B16.20""}",gasket,exact
cpse-03651,maintenance,BOLT_M12-03651,MATÉRIEL STEEL BOLT M12 GRADE B,"{""grade"": ""B"", ""size"": ""M12"", ""standard"": ""ISO 4014""}",bolt_m12,multilingual
cpse-05273,catalogue,WASHER-05273,CARBON STEEL WASHER M10,"{""size"": ""M10"", ""standard"": ""ISO 7089""}",washer,near_duplicate
cpse-07159,erp,VALVE-07159,GATE VALVE 50mm 150 PSI,"{""pressure"": ""150 psi"", ""size"": ""50 mm"", ""standard"": ""API 600""}",valve,unit_format
cpse-03056,catalogue,CABLE-03056,CÂBLE PUISSANCE 4 ÂMES 240 V,"{""size"": ""4 core"", ""voltage"": ""240 V""}",cable,multilingual
cpse-00562,erp,FLANGE-00562,WELD NECK FLANGE DN50 PN16,"{""pressure"": ""PN16"", ""size"": ""DN50"", ""standard"": ""EN 1092""}",flange,near_duplicate
cpse-05181,maintenance,BEARING-05181,DEEP GROOVE BALL BEARING 6205,"{""size"": ""6205"", ""standard"": ""ISO 15""}",bearing,exact
cpse-01690,erp,FLANGE-01690,WELD NECK FLANGE DN50 PN16,"{""pressure"": ""PN16"", ""size"": ""DN50"", ""standard"": ""EN 1092""}",flange,abbreviation
cpse-04457,catalogue,WASHER-04457,STEEL WASHER 10 mm,"{""size"": ""M10"", ""standard"": ""ISO 7089""}",washer,unit_format
cpse-03896,catalogue,CABLE-03896,CÂBLE PUISSANCE 4 ÂMES 240 V,"{""size"": ""4 core"", ""voltage"": ""240 V""}",cable,multilingual
cpse-02902,erp,FLANGE-02902,MATÉRIEL WELD NECK FLANGE DN50 PN16,"{""pressure"": ""PN16"", ""size"": ""DN50"", ""standard"": ""EN 1092""}",flange,multilingual
cpse-04262,catalogue,BOLT_C-04262,STEEL FASTENER M10 GRADE C,"{""grade"": ""C"", ""size"": ""M10"", ""standard"": ""ISO 4014""}",bolt_c,terminology
cpse-03904,erp,NUT_M10-03904,STEEL HEX NUT 10 mm GRADE B,"{""grade"": ""B"", ""size"": ""M10"", ""standard"": ""ISO 4032""}",nut_m10,unit_format
cpse-09648,maintenance,MOTOR-09648,INDUCTION MOTOR 5 KW 415 V,"{""size"": ""5 kW"", ""voltage"": ""415 V""}",motor,near_duplicate
cpse-05934,maintenance,PIPE-05934,CARBON STEEL PIPE 50mm SCH 40,"{""size"": ""50 mm"", ""standard"": ""ASTM A106""}",pipe,unit_format
cpse-01590,maintenance,PIPE-01590,CARBON STEEL PIPE 50 MM SCH 40,"{""size"": ""50 mm"", ""standard"": ""ASTM A106""}",pipe,exact
cpse-07439,catalogue,GASKET-07439,SPIRAL WOUND GASKET DN50,"{""size"": ""DN50"", ""standard"": ""ASME B16.20""}",gasket,unit_format
cpse-08828,catalogue,CABLE-08828,POWER CABLE 4 CORE 240 V,"{""size"": ""4 core"", ""voltage"": ""240 V""}",cable,exact
cpse-00231,maintenance,UNRELATED_19-00231,UNRELATED MATERIAL 19 CERAMIC LINER,"{""size"": ""119 mm"", ""standard"": ""CPSE-OTHER""}",unrelated_19,unrelated
cpse-09821,catalogue,UNRELATED_818-09821,UNRELATED MATERIAL 818 CERAMIC LINER,"{""size"": ""918 mm"", ""standard"": ""CPSE-OTHER""}",unrelated_818,unrelated
cpse-01643,catalogue,GASKET-01643,SPIRAL WOUND GASKET DN50,"{""size"": ""DN50"", ""standard"": ""ASME B16.20""}",gasket,unit_format
cpse-02564,catalogue,CABLE-02564,POWER CABLE 4 CORE 240 V,"{""size"": ""4 core"", ""voltage"": ""240 V""}",cable,near_duplicate
cpse-07134,maintenance,PIPE-07134,CARBON STEEL PIPE 50 MM SCH 40,"{""size"": ""50 mm"", ""standard"": ""ASTM A106""}",pipe,exact
cpse-08346,maintenance,PIPE-08346,CARBON CARBON STEEL PIPE 50 MM SCH 40,"{""size"": ""50 mm"", ""standard"": ""ASTM A106""}",pipe,near_duplicate
cpse-01617,maintenance,UNRELATED_134-01617,UNRELATED MATERIAL 134 CERAMIC LINER,"{""size"": ""234 mm"", ""standard"": ""CPSE-OTHER""}",unrelated_134,unrelated
cpse-08574,maintenance,PIPE-08574,CARBON STEEL TUBE 50 MM SCH 40,"{""size"": ""50 mm"", ""standard"": ""ASTM A106""}",pipe,terminology
cpse-07552,erp,NUT_M10-07552,STEEL HEX NUT M10 GRADE B,"{""grade"": ""B"", ""size"": ""M10"", ""standard"": ""ISO 4032""}",nut_m10,terminology
cpse-07402,erp,FLANGE-07402,WELD NECK FLANGE DN50 PN16,"{""pressure"": ""PN16"", ""size"": ""DN50"", ""standard"": ""EN 1092""}",flange,abbreviation
cpse-08833,erp,BOLT_B-08833,STEEL FASTENER M10 GRADE B,"{""grade"": ""B"", ""size"": ""M10"", ""standard"": ""ISO 4014""}",bolt_b,terminology
cpse-05585,catalogue,WASHER-05585,STEEL WASHER M10,"{""size"": ""M10"", ""standard"": ""ISO 7089""}",washer,terminology
cpse-06372,maintenance,MOTOR-06372,INDUCTION MOTOR 5 KW 415 V,"{""size"": ""5 kW"", ""voltage"": ""415 V""}",motor,near_duplicate
cpse-08858,catalogue,BOLT_C-08858,STL BLT M10 GR C,"{""grade"": ""C"", ""size"": ""M10"", ""standard"": ""ISO 4014""}",bolt_c,abbreviation
cpse-06120,maintenance,MOTOR-06120,INDUCTION MOTOR 5 KW 415 V,"{""size"": ""5 kW"", ""voltage"": ""415 V""}",motor,near_duplicate
cpse-04860,maintenance,MOTOR-04860,INDUCTION MOTOR 5 KW 415 V,"{""size"": ""5 kW"", ""voltage"": ""415 V""}",motor,near_duplicate
cpse-06866,catalogue,BOLT_C-06866,STEEL FASTENER M10 GRADE C,"{""grade"": ""C"", ""size"": ""M10"", ""standard"": ""ISO 4014""}",bolt_c,terminology
cpse-05522,catalogue,BOLT_C-05522,STEEL FASTENER M10 GRADE C,"{""grade"": ""C"", ""size"": ""M10"", ""standard"": ""ISO 4014""}",bolt_c,terminology
cpse-09982,erp,UNRELATED_831-09982,UNRELATED MATERIAL 831 CERAMIC LINER,"{""size"": ""931 mm"", ""standard"": ""CPSE-OTHER""}",unrelated_831,unrelated
cpse-05956,erp,NUT_M10-05956,STEEL HEX NUT M10 GRADE B,"{""grade"": ""B"", ""size"": ""M10"", ""standard"": ""ISO 4032""}",nut_m10,terminology
cpse-07287,maintenance,UNRELATED_607-07287,UNRELATED MATERIAL 607 CERAMIC LINER,"{""size"": ""707 mm"", ""standard"": ""CPSE-OTHER""}",unrelated_607,unrelated
cpse-00743,catalogue,GASKET-00743,SPIRAL WOUND GASKET DN50,"{""size"": ""DN50"", ""standard"": ""ASME B16.20""}",gasket,exact
cpse-07385,catalogue,UNRELATED_615-07385,UNRELATED MATERIAL 615 CERAMIC LINER,"{""size"": ""715 mm"", ""standard"": ""CPSE-OTHER""}",unrelated_615,unrelated
cpse-01564,erp,NUT_M10-01564,STL HEX NUT M10 GR B,"{""grade"": ""B"", ""size"": ""M10"", ""standard"": ""ISO 4032""}",nut_m10,abbreviation
cpse-02393,catalogue,WASHER-02393,STEEL WASHER M10,"{""size"": ""M10"", ""standard"": ""ISO 7089""}",washer,terminology
cpse-04355,catalogue,GASKET-04355,SPIRAL WOUND GASKET DN50,"{""size"": ""DN50"", ""standard"": ""ASME B16.20""}",gasket,exact
cpse-09192,maintenance,MOTOR-09192,INDUCTION MOTOR 5 KW 415 V,"{""size"": ""5 kW"", ""voltage"": ""415 V""}",motor,exact
cpse-01831,erp,VALVE-01831,VÁLVULA COMPUERTA 50 MM 150 PSI,"{""pressure"": ""150 psi"", ""size"": ""50 mm"", ""standard"": ""API 600""}",valve,multilingual
cpse-02928,maintenance,MOTOR-02928,INDUCTION MOTOR 5 KW 415 V,"{""size"": ""5 kW"", ""voltage"": ""415 V""}",motor,near_duplicate
cpse-04356,maintenance,MOTOR-04356,INDUCTION MOTOR 5 KW 415 V,"{""size"": ""5 kW"", ""voltage"": ""415 V""}",motor,near_duplicate
cpse-03265,erp,BOLT_B-03265,STL BLT M10 GR B,"{""grade"": ""B"", ""size"": ""M10"", ""standard"": ""ISO 4014""}",bolt_b,abbreviation
cpse-01404,maintenance,MOTOR-01404,MATÉRIEL INDUCTION MOTOR 5 KW 415 V,"{""size"": ""5 kW"", ""voltage"": ""415 V""}",motor,multilingual
cpse-02209,erp,BOLT_B-02209,БОЛТ СТАЛЬ M10 КЛАСС B,"{""grade"": ""B"", ""size"": ""M10"", ""standard"": ""ISO 4014""}",bolt_b,multilingual
cpse-01636,erp,NUT_M10-01636,STEEL HEX NUT 10 mm GRADE B,"{""grade"": ""B"", ""size"": ""M10"", ""standard"": ""ISO 4032""}",nut_m10,unit_format
cpse-06012,maintenance,MOTOR-06012,INDUCTION MOTOR 5 KW 415 V,"{""size"": ""5 kW"", ""voltage"": ""415 V""}",motor,terminology
cpse-00082,erp,FLANGE-00082,WELD NECK FLANGE DN50 PN16,"{""pressure"": ""PN16"", ""size"": ""DN50"", ""standard"": ""EN 1092""}",flange,unit_format
cpse-05510,catalogue,BOLT_C-05510,STEEL BOLT M10 GRADE C,"{""grade"": ""C"", ""size"": ""M10"", ""standard"": ""ISO 4014""}",bolt_c,exact
cpse-08099,catalogue,UNRELATED_674-08099,UNRELATED MATERIAL 674 CERAMIC LINER,"{""size"": ""774 mm"", ""standard"": ""CPSE-OTHER""}",unrelated_674,unrelated
cpse-07130,catalogue,BOLT_C-07130,БОЛТ СТАЛЬ M10 КЛАСС C,"{""grade"": ""C"", ""size"": ""M10"", ""standard"": ""ISO 4014""}",bolt_c,multilingual
cpse-04381,erp,BOLT_B-04381,STEEL FASTENER M10 GRADE B,"{""grade"": ""B"", ""size"": ""M10"", ""standard"": ""ISO 4014""}",bolt_b,terminology
cpse-08086,erp,FLANGE-08086,WELD NECK FLANGE DN50 PN16,"{""pressure"": ""PN16"", ""size"": ""DN50"", ""standard"": ""EN 1092""}",flange,exact
cpse-07639,erp,VALVE-07639,GATE VALVE 50 MM 150 PSI,"{""pressure"": ""150 psi"", ""size"": ""50 mm"", ""standard"": ""API 600""}",valve,near_duplicate
cpse-00642,maintenance,PIPE-00642,CARBON STEEL PIPE 50mm SCH 40,"{""size"": ""50 mm"", ""standard"": ""ASTM A106""}",pipe,unit_format
cpse-08976,maintenance,MOTOR-08976,INDUCTION MOTOR 5 KW 415 V,"{""size"": ""5 kW"", ""voltage"": ""415 V""}",motor,near_duplicate
cpse-00117,maintenance,BEARING-00117,DEEP GROOVE BALL BEARING 6205,"{""size"": ""6205"", ""standard"": ""ISO 15""}",bearing,unit_format
cpse-06723,maintenance,BOLT_M12-06723,STL BLT M12 GR B,"{""grade"": ""B"", ""size"": ""M12"", ""standard"": ""ISO 4014""}",bolt_m12,abbreviation
cpse-00612,maintenance,MOTOR-00612,INDUCTION MOTOR 5 KW 415 V,"{""size"": ""5 kW"", ""voltage"": ""415 V""}",motor,abbreviation
cpse-08611,erp,VALVE-08611,GATE VALVE 50 MM 150 PSI,"{""pressure"": ""150 psi"", ""size"": ""50 mm"", ""standard"": ""API 600""}",valve,exact
cpse-09320,catalogue,CABLE-09320,POWER CABLE 4 CORE 240 V,"{""size"": ""4 core"", ""voltage"": ""240 V""}",cable,abbreviation
cpse-07876,erp,NUT_M10-07876,STEEL HEX NUT M10 GRADE B,"{""grade"": ""B"", ""size"": ""M10"", ""standard"": ""ISO 4032""}",nut_m10,exact
cpse-07617,maintenance,BEARING-07617,DEEP GROOVE BALL BEARING 6205,"{""size"": ""6205"", ""standard"": ""ISO 15""}",bearing,exact
cpse-04700,catalogue,CABLE-04700,POWER CABLE 4 CORE 240 V,"{""size"": ""4 core"", ""voltage"": ""240 V""}",cable,abbreviation
cpse-02400,maintenance,MOTOR-02400,INDUCTION MOTOR 5 KW 415 V,"{""size"": ""5 kW"", ""voltage"": ""415 V""}",motor,terminology
cpse-02932,erp,NUT_M10-02932,STEEL HEX NUT M10 GRADE B,"{""grade"": ""B"", ""size"": ""M10"", ""standard"": ""ISO 4032""}",nut_m10,terminology
cpse-01862,catalogue,UNRELATED_155-01862,UNRELATED MATERIAL 155 CERAMIC LINER,"{""size"": ""255 mm"", ""standard"": ""CPSE-OTHER""}",unrelated_155,unrelated
cpse-03000,maintenance,MOTOR-03000,MATÉRIEL INDUCTION MOTOR 5 KW 415 V,"{""size"": ""5 kW"", ""voltage"": ""415 V""}",motor,multilingual
cpse-09806,catalogue,BOLT_C-09806,STEEL FASTENER M10 GRADE C,"{""grade"": ""C"", ""size"": ""M10"", ""standard"": ""ISO 4014""}",bolt_c,terminology
cpse-08892,maintenance,MOTOR-08892,INDUCTION MOTOR 5 KW 415 V,"{""size"": ""5 kW"", ""voltage"": ""415 V""}",motor,near_duplicate
cpse-03013,erp,BOLT_B-03013,STL BLT M10 GR B,"{""grade"": ""B"", ""size"": ""M10"", ""standard"": ""ISO 4014""}",bolt_b,abbreviation
cpse-06332,catalogue,CABLE-06332,CÂBLE PUISSANCE 4 ÂMES 240 V,"{""size"": ""4 core"", ""voltage"": ""240 V""}",cable,multilingual
cpse-04132,erp,NUT_M10-04132,CARBON STEEL HEX NUT M10 GRADE B,"{""grade"": ""B"", ""size"": ""M10"", ""standard"": ""ISO 4032""}",nut_m10,near_duplicate
cpse-09415,erp,UNRELATED_784-09415,UNRELATED MATERIAL 784 CERAMIC LINER,"{""size"": ""884 mm"", ""standard"": ""CPSE-OTHER""}",unrelated_784,unrelated
cpse-08632,erp,NUT_M10-08632,STEEL HEX NUT M10 GRADE B,"{""grade"": ""B"", ""size"": ""M10"", ""standard"": ""ISO 4032""}",nut_m10,exact
cpse-06368,catalogue,CABLE-06368,POWER CABLE 4 CORE 240VAC,"{""size"": ""4 core"", ""voltage"": ""240 V""}",cable,unit_format
cpse-06623,catalogue,GASKET-06623,SPIRAL WOUND GASKET DN50,"{""size"": ""DN50"", ""standard"": ""ASME B16.20""}",gasket,exact
cpse-03447,maintenance,BOLT_M12-03447,STL BLT M12 GR B,"{""grade"": ""B"", ""size"": ""M12"", ""standard"": ""ISO 4014""}",bolt_m12,abbreviation
cpse-06236,catalogue,CABLE-06236,POWER CABLE 4 CORE 240 V,"{""size"": ""4 core"", ""voltage"": ""240 V""}",cable,terminology
cpse-07637,catalogue,UNRELATED_636-07637,UNRELATED MATERIAL 636 CERAMIC LINER,"{""size"": ""736 mm"", ""standard"": ""CPSE-OTHER""}",unrelated_636,unrelated
cpse-01693,erp,BOLT_B-01693,STEEL FASTENER M10 GRADE B,"{""grade"": ""B"", ""size"": ""M10"", ""standard"": ""ISO 4014""}",bolt_b,terminology
cpse-08342,catalogue,BOLT_C-08342,STEEL BOLT 10 mm GRADE C,"{""grade"": ""C"", ""size"": ""M10"", ""standard"": ""ISO 4014""}",bolt_c,unit_format
cpse-00775,erp,VALVE-00775,GATE VALVE 50mm 150 PSI,"{""pressure"": ""150 psi"", ""size"": ""50 mm"", ""standard"": ""API 600""}",valve,unit_format
cpse-06333,maintenance,BEARING-06333,DEEP GROOVE BALL BEARING 6205,"{""size"": ""6205"", ""standard"": ""ISO 15""}",bearing,unit_format
cpse-07808,catalogue,CABLE-07808,POWER CABLE 4 CORE 240 V,"{""size"": ""4 core"", ""voltage"": ""240 V""}",cable,abbreviation
cpse-04954,erp,FLANGE-04954,WELD NECK FLANGE DN50 PN16,"{""pressure"": ""PN16"", ""size"": ""DN50"", ""standard"": ""EN 1092""}",flange,unit_format
cpse-01511,catalogue,GASKET-01511,SPIRAL WOUND GASKET DN50,"{""size"": ""DN50"", ""standard"": ""ASME B16.20""}",gasket,terminology
cpse-01365,maintenance,UNRELATED_113-01365,UNRELATED MATERIAL 113 CERAMIC LINER,"{""size"": ""213 mm"", ""standard"": ""CPSE-OTHER""}",unrelated_113,unrelated
cpse-02540,catalogue,CABLE-02540,POWER CABLE 4 CORE 240 V,"{""size"": ""4 core"", ""voltage"": ""240 V""}",cable,terminology
cpse-02322,maintenance,PIPE-02322,CARBON STEEL PIPE 50mm SCH 40,"{""size"": ""50 mm"", ""standard"": ""ASTM A106""}",pipe,unit_format
cpse-06268,erp,NUT_M10-06268,STL HEX NUT M10 GR B,"{""grade"": ""B"", ""size"": ""M10"", ""standard"": ""ISO 4032""}",nut_m10,abbreviation
cpse-03729,maintenance,BEARING-03729,DEEP GROOVE BALL BEARING 6205,"{""size"": ""6205"", ""standard"": ""ISO 15""}",bearing,unit_format
cpse-05910,maintenance,PIPE-05910,CARBON CARBON STEEL PIPE 50 MM SCH 40,"{""size"": ""50 mm"", ""standard"": ""ASTM A106""}",pipe,near_duplicate
cpse-00636,maintenance,MOTOR-00636,INDUCTION MOTOR 5 KW 415 V,"{""size"": ""5 kW"", ""voltage"": ""415 V""}",motor,terminology
cpse-01040,catalogue,CABLE-01040,CÂBLE PUISSANCE 4 ÂMES 240 V,"{""size"": ""4 core"", ""voltage"": ""240 V""}",cable,multilingual
cpse-07054,erp,FLANGE-07054,WELD NECK FLANGE DN50 PN16,"{""pressure"": ""PN16"", ""size"": ""DN50"", ""standard"": ""EN 1092""}",flange,unit_format
cpse-01320,maintenance,MOTOR-01320,MATÉRIEL INDUCTION MOTOR 5 KW 415 V,"{""size"": ""5 kW"", ""voltage"": ""415 V""}",motor,multilingual
cpse-02482,erp,FLANGE-02482,MATÉRIEL WELD NECK FLANGE DN50 PN16,"{""pressure"": ""PN16"", ""size"": ""DN50"", ""standard"": ""EN 1092""}",flange,multilingual
cpse-05963,catalogue,GASKET-05963,SPIRAL WOUND GASKET DN50,"{""size"": ""DN50"", ""standard"": ""ASME B16.20""}",gasket,terminology
cpse-08495,catalogue,GASKET-08495,MATÉRIEL SPIRAL WOUND GASKET DN50,"{""size"": ""DN50"", ""standard"": ""ASME B16.20""}",gasket,multilingual
cpse-07888,erp,NUT_M10-07888,STEEL HEX NUT M10 GRADE B,"{""grade"": ""B"", ""size"": ""M10"", ""standard"": ""ISO 4032""}",nut_m10,terminology
cpse-00662,catalogue,BOLT_C-00662,БОЛТ СТАЛЬ M10 КЛАСС C,"{""grade"": ""C"", ""size"": ""M10"", ""standard"": ""ISO 4014""}",bolt_c,multilingual
cpse-02650,erp,FLANGE-02650,MATÉRIEL WELD NECK FLANGE DN50 PN16,"{""pressure"": ""PN16"", ""size"": ""DN50"", ""standard"": ""EN 1092""}",flange,multilingual
cpse-00178,erp,FLANGE-00178,WELD NECK FLANGE DN50 PN16,"{""pressure"": ""PN16"", ""size"": ""DN50"", ""standard"": ""EN 1092""}",flange,abbreviation
cpse-07646,catalogue,BOLT_C-07646,CARBON STEEL HEX BOLT M10 GRADE C,"{""grade"": ""C"", ""size"": ""M10"", ""standard"": ""ISO 4014""}",bolt_c,near_duplicate
cpse-08590,erp,FLANGE-08590,WELD NECK FLANGE DN50 PN16,"{""pressure"": ""PN16"", ""size"": ""DN50"", ""standard"": ""EN 1092""}",flange,exact
cpse-02846,catalogue,BOLT_C-02846,БОЛТ СТАЛЬ M10 КЛАСС C,"{""grade"": ""C"", ""size"": ""M10"", ""standard"": ""ISO 4014""}",bolt_c,multilingual
cpse-07688,catalogue,CABLE-07688,POWER CABLE 4 CORE 240 V,"{""size"": ""4 core"", ""voltage"": ""240 V""}",cable,near_duplicate
cpse-06490,erp,FLANGE-06490,WELD NECK FLANGE DN50 PN16,"{""pressure"": ""PN16"", ""size"": ""DN50"", ""standard"": ""EN 1092""}",flange,exact
cpse-09914,catalogue,BOLT_C-09914,CARBON STEEL HEX BOLT M10 GRADE C,"{""grade"": ""C"", ""size"": ""M10"", ""standard"": ""ISO 4014""}",bolt_c,near_duplicate
cpse-02048,catalogue,CABLE-02048,CÂBLE PUISSANCE 4 ÂMES 240 V,"{""size"": ""4 core"", ""voltage"": ""240 V""}",cable,multilingual
cpse-02076,maintenance,MOTOR-02076,MATÉRIEL INDUCTION MOTOR 5 KW 415 V,"{""size"": ""5 kW"", ""voltage"": ""415 V""}",motor,multilingual
cpse-03936,maintenance,MOTOR-03936,INDUCTION MOTOR 5 KW 415 V,"{""size"": ""5 kW"", ""voltage"": ""415 V""}",motor,near_duplicate
cpse-03362,catalogue,BOLT_C-03362,CARBON STEEL HEX BOLT M10 GRADE C,"{""grade"": ""C"", ""size"": ""M10"", ""standard"": ""ISO 4014""}",bolt_c,near_duplicate
cpse-02508,maintenance,MOTOR-02508,INDUCTION MOTOR 5 KW 415 V,"{""size"": ""5 kW"", ""voltage"": ""415 V""}",motor,near_duplicate
cpse-06632,catalogue,CABLE-06632,POWER CABLE 4 CORE 240 V,"{""size"": ""4 core"", ""voltage"": ""240 V""}",cable,abbreviation
cpse-07113,maintenance,BEARING-07113,DEEP GROOVE BALL BEARING 6205,"{""size"": ""6205"", ""standard"": ""ISO 15""}",bearing,exact
cpse-09195,maintenance,BOLT_M12-09195,MATÉRIEL STEEL BOLT M12 GRADE B,"{""grade"": ""B"", ""size"": ""M12"", ""standard"": ""ISO 4014""}",bolt_m12,multilingual
cpse-02137,erp,BOLT_B-02137,CARBON STEEL HEX BOLT M10 GRADE B,"{""grade"": ""B"", ""size"": ""M10"", ""standard"": ""ISO 4014""}",bolt_b,near_duplicate
cpse-01333,erp,BOLT_B-01333,STL BLT M10 GR B,"{""grade"": ""B"", ""size"": ""M10"", ""standard"": ""ISO 4014""}",bolt_b,abbreviation
cpse-08958,maintenance,PIPE-08958,CARBON STEEL PIPE 50mm SCH 40,"{""size"": ""50 mm"", ""standard"": ""ASTM A106""}",pipe,unit_format
cpse-06276,maintenance,MOTOR-06276,MATÉRIEL INDUCTION MOTOR 5 KW 415 V,"{""size"": ""5 kW"", ""voltage"": ""415 V""}",motor,multilingual
cpse-04618,erp,FLANGE-04618,WELD NECK FLANGE DN50 PN16,"{""pressure"": ""PN16"", ""size"": ""DN50"", ""standard"": ""EN 1092""}",flange,unit_format
cpse-05203,erp,VALVE-05203,GATE VALVE 50 MM 150 PSI,"{""pressure"": ""150 psi"", ""size"": ""50 mm"", ""standard"": ""API 600""}",valve,near_duplicate
cpse-04814,catalogue,BOLT_C-04814,STEEL BOLT 10 mm GRADE C,"{""grade"": ""C"", ""size"": ""M10"", ""standard"": ""ISO 4014""}",bolt_c,unit_format
cpse-06569,catalogue,WASHER-06569,STL WASHER M10,"{""size"": ""M10"", ""standard"": ""ISO 7089""}",washer,abbreviation
cpse-07137,maintenance,BEARING-07137,MATÉRIEL DEEP GROOVE BALL BEARING 6205,"{""size"": ""6205"", ""standard"": ""ISO 15""}",bearing,multilingual
cpse-02421,maintenance,BEARING-02421,DEEP GROOVE BALL BEARING 6205,"{""size"": ""6205"", ""standard"": ""ISO 15""}",bearing,terminology
cpse-00895,erp,VALVE-00895,GATE VALVE 50 MM 150 PSI,"{""pressure"": ""150 psi"", ""size"": ""50 mm"", ""standard"": ""API 600""}",valve,terminology
cpse-02691,maintenance,BOLT_M12-02691,STL BLT M12 GR B,"{""grade"": ""B"", ""size"": ""M12"", ""standard"": ""ISO 4014""}",bolt_m12,abbreviation
cpse-06373,erp,BOLT_B-06373,STL BLT M10 GR B,"{""grade"": ""B"", ""size"": ""M10"", ""standard"": ""ISO 4014""}",bolt_b,abbreviation
cpse-04061,catalogue,WASHER-04061,STEEL WASHER M10,"{""size"": ""M10"", ""standard"": ""ISO 7089""}",washer,exact
cpse-00387,maintenance,BOLT_M12-00387,CARBON STEEL HEX BOLT M12 GRADE B,"{""grade"": ""B"", ""size"": ""M12"", ""standard"": ""ISO 4014""}",bolt_m12,near_duplicate
cpse-09708,maintenance,MOTOR-09708,INDUCTION MOTOR 5 KW 415 V,"{""size"": ""5 kW"", ""voltage"": ""415 V""}",motor,terminology
cpse-03484,erp,NUT_M10-03484,STEEL HEX NUT 10 mm GRADE B,"{""grade"": ""B"", ""size"": ""M10"", ""standard"": ""ISO 4032""}",nut_m10,unit_format
cpse-05590,erp,FLANGE-05590,MATÉRIEL WELD NECK FLANGE DN50 PN16,"{""pressure"": ""PN16"", ""size"": ""DN50"", ""standard"": ""EN 1092""}",flange,multilingual
cpse-02862,maintenance,PIPE-02862,CARBON STEEL TUBE 50 MM SCH 40,"{""size"": ""50 mm"", ""standard"": ""ASTM A106""}",pipe,terminology
cpse-03113,catalogue,WASHER-03113,STEEL WASHER 10 mm,"{""size"": ""M10"", ""standard"": ""ISO 7089""}",washer,unit_format
cpse-08176,erp,UNRELATED_681-08176,UNRELATED MATERIAL 681 CERAMIC LINER,"{""size"": ""781 mm"", ""standard"": ""CPSE-OTHER""}",unrelated_681,unrelated
cpse-04709,catalogue,WASHER-04709,STEEL WASHER 10 mm,"{""size"": ""M10"", ""standard"": ""ISO 7089""}",washer,unit_format
cpse-06807,maintenance,BOLT_M12-06807,STL BLT M12 GR B,"{""grade"": ""B"", ""size"": ""M12"", ""standard"": ""ISO 4014""}",bolt_m12,abbreviation
cpse-04322,catalogue,BOLT_C-04322,STL BLT M10 GR C,"{""grade"": ""C"", ""size"": ""M10"", ""standard"": ""ISO 4014""}",bolt_c,abbreviation
cpse-02666,catalogue,BOLT_C-02666,STEEL FASTENER M10 GRADE C,"{""grade"": ""C"", ""size"": ""M10"", ""standard"": ""ISO 4014""}",bolt_c,terminology
cpse-03866,catalogue,BOLT_C-03866,CARBON STEEL HEX BOLT M10 GRADE C,"{""grade"": ""C"", ""size"": ""M10"", ""standard"": ""ISO 4014""}",bolt_c,near_duplicate
cpse-01750,erp,UNRELATED_145-01750,UNRELATED MATERIAL 145 CERAMIC LINER,"{""size"": ""245 mm"", ""standard"": ""CPSE-OTHER""}",unrelated_145,unrelated
cpse-09254,catalogue,UNRELATED_771-09254,UNRELATED MATERIAL 771 CERAMIC LINER,"{""size"": ""871 mm"", ""standard"": ""CPSE-OTHER""}",unrelated_771,unrelated
cpse-08141,catalogue,UNRELATED_678-08141,UNRELATED MATERIAL 678 CERAMIC LINER,"{""size"": ""778 mm"", ""standard"": ""CPSE-OTHER""}",unrelated_678,unrelated
cpse-03464,catalogue,CABLE-03464,POWER CABLE 4 CORE 240 V,"{""size"": ""4 core"", ""voltage"": ""240 V""}",cable,terminology
cpse-06189,maintenance,BEARING-06189,DEEP GROOVE BALL BEARING 6205,"{""size"": ""6205"", ""standard"": ""ISO 15""}",bearing,exact
cpse-08816,catalogue,CABLE-08816,POWER CABLE 4 CORE 240 V,"{""size"": ""4 core"", ""voltage"": ""240 V""}",cable,abbreviation
cpse-04451,catalogue,GASKET-04451,SPIRAL WOUND GASKET DN50,"{""size"": ""DN50"", ""standard"": ""ASME B16.20""}",gasket,terminology
cpse-01633,erp,BOLT_B-01633,CARBON STEEL HEX BOLT M10 GRADE B,"{""grade"": ""B"", ""size"": ""M10"", ""standard"": ""ISO 4014""}",bolt_b,near_duplicate
cpse-03567,maintenance,BOLT_M12-03567,MATÉRIEL STEEL BOLT M12 GRADE B,"{""grade"": ""B"", ""size"": ""M12"", ""standard"": ""ISO 4014""}",bolt_m12,multilingual
cpse-05136,maintenance,MOTOR-05136,INDUCTION MOTOR 5 KW 415 V,"{""size"": ""5 kW"", ""voltage"": ""415 V""}",motor,unit_format
cpse-04373,catalogue,WASHER-04373,STEEL WASHER 10 mm,"{""size"": ""M10"", ""standard"": ""ISO 7089""}",washer,unit_format
cpse-04378,erp,FLANGE-04378,WELD NECK FLANGE DN50 PN16,"{""pressure"": ""PN16"", ""size"": ""DN50"", ""standard"": ""EN 1092""}",flange,abbreviation
cpse-06306,maintenance,PIPE-06306,CARBON STEEL TUBE 50 MM SCH 40,"{""size"": ""50 mm"", ""standard"": ""ASTM A106""}",pipe,terminology
cpse-04494,maintenance,UNRELATED_374-04494,UNRELATED MATERIAL 374 CERAMIC LINER,"{""size"": ""474 mm"", ""standard"": ""CPSE-OTHER""}",unrelated_374,unrelated
cpse-02605,erp,BOLT_B-02605,STEEL BOLT M10 GRADE B,"{""grade"": ""B"", ""size"": ""M10"", ""standard"": ""ISO 4014""}",bolt_b,exact
cpse-06470,catalogue,BOLT_C-06470,CARBON STEEL HEX BOLT M10 GRADE C,"{""grade"": ""C"", ""size"": ""M10"", ""standard"": ""ISO 4014""}",bolt_c,near_duplicate
cpse-05861,catalogue,WASHER-05861,CARBON STEEL WASHER M10,"{""size"": ""M10"", ""standard"": ""ISO 7089""}",washer,near_duplicate
cpse-04233,maintenance,BEARING-04233,DEEP GROOVE BALL BEARING 6205,"{""size"": ""6205"", ""standard"": ""ISO 15""}",bearing,unit_format
cpse-01484,catalogue,UNRELATED_123-01484,UNRELATED MATERIAL 123 CERAMIC LINER,"{""size"": ""223 mm"", ""standard"": ""CPSE-OTHER""}",unrelated_123,unrelated
cpse-09671,catalogue,GASKET-09671,MATÉRIEL SPIRAL WOUND GASKET DN50,"{""size"": ""DN50"", ""standard"": ""ASME B16.20""}",gasket,multilingual
cpse-06762,maintenance,UNRELATED_563-06762,UNRELATED MATERIAL 563 CERAMIC LINER,"{""size"": ""663 mm"", ""standard"": ""CPSE-OTHER""}",unrelated_563,unrelated
cpse-03093,maintenance,BEARING-03093,DEEP GROOVE BALL BEARING 6205,"{""size"": ""6205"", ""standard"": ""ISO 15""}",bearing,terminology
cpse-00081,maintenance,BEARING-00081,MATÉRIEL DEEP GROOVE BALL BEARING 6205,"{""size"": ""6205"", ""standard"": ""ISO 15""}",bearing,multilingual
cpse-09451,erp,VALVE-09451,GATE VALVE 50 MM 150 PSI,"{""pressure"": ""150 psi"", ""size"": ""50 mm"", ""standard"": ""API 600""}",valve,exact
cpse-08543,catalogue,GASKET-08543,SPIRAL WOUND GASKET DN50,"{""size"": ""DN50"", ""standard"": ""ASME B16.20""}",gasket,abbreviation
cpse-04348,erp,NUT_M10-04348,STEEL HEX NUT M10 GRADE B,"{""grade"": ""B"", ""size"": ""M10"", ""standard"": ""ISO 4032""}",nut_m10,exact
cpse-09326,catalogue,BOLT_C-09326,CARBON STEEL HEX BOLT M10 GRADE C,"{""grade"": ""C"", ""size"": ""M10"", ""standard"": ""ISO 4014""}",bolt_c,near_duplicate
cpse-00315,maintenance,UNRELATED_26-00315,UNRELATED MATERIAL 26 CERAMIC LINER,"{""size"": ""126 mm"", ""standard"": ""CPSE-OTHER""}",unrelated_26,unrelated
cpse-00406,erp,UNRELATED_33-00406,UNRELATED MATERIAL 33 CERAMIC LINER,"{""size"": ""133 mm"", ""standard"": ""CPSE-OTHER""}",unrelated_33,unrelated
cpse-09247,erp,UNRELATED_770-09247,UNRELATED MATERIAL 770 CERAMIC LINER,"{""size"": ""870 mm"", ""standard"": ""CPSE-OTHER""}",unrelated_770,unrelated
cpse-06430,erp,FLANGE-06430,MATÉRIEL WELD NECK FLANGE DN50 PN16,"{""pressure"": ""PN16"", ""size"": ""DN50"", ""standard"": ""EN 1092""}",flange,multilingual
cpse-02632,erp,UNRELATED_219-02632,UNRELATED MATERIAL 219 CERAMIC LINER,"{""size"": ""319 mm"", ""standard"": ""CPSE-OTHER""}",unrelated_219,unrelated
cpse-00030,maintenance,PIPE-00030,CARBON CARBON STEEL PIPE 50 MM SCH 40,"{""size"": ""50 mm"", ""standard"": ""ASTM A106""}",pipe,near_duplicate
cpse-04179,maintenance,UNRELATED_348-04179,UNRELATED MATERIAL 348 CERAMIC LINER,"{""size"": ""448 mm"", ""standard"": ""CPSE-OTHER""}",unrelated_348,unrelated
cpse-03575,catalogue,GASKET-03575,SPIRAL WOUND GASKET DN50,"{""size"": ""DN50"", ""standard"": ""ASME B16.20""}",gasket,unit_format
cpse-08392,erp,NUT_M10-08392,STEEL HEX NUT M10 GRADE B,"{""grade"": ""B"", ""size"": ""M10"", ""standard"": ""ISO 4032""}",nut_m10,terminology
cpse-08232,maintenance,UNRELATED_685-08232,UNRELATED MATERIAL 685 CERAMIC LINER,"{""size"": ""785 mm"", ""standard"": ""CPSE-OTHER""}",unrelated_685,unrelated
cpse-02824,erp,NUT_M10-02824,STL HEX NUT M10 GR B,"{""grade"": ""B"", ""size"": ""M10"", ""standard"": ""ISO 4032""}",nut_m10,abbreviation
cpse-01139,catalogue,GASKET-01139,SPIRAL WOUND GASKET DN50,"{""size"": ""DN50"", ""standard"": ""ASME B16.20""}",gasket,unit_format
cpse-01291,erp,VALVE-01291,GATE VALVE 50 MM 150 PSI,"{""pressure"": ""150 psi"", ""size"": ""50 mm"", ""standard"": ""API 600""}",valve,abbreviation
cpse-06690,maintenance,PIPE-06690,CARBON STEEL PIPE 50mm SCH 40,"{""size"": ""50 mm"", ""standard"": ""ASTM A106""}",pipe,unit_format
cpse-08772,maintenance,MOTOR-08772,INDUCTION MOTOR 5 KW 415 V,"{""size"": ""5 kW"", ""voltage"": ""415 V""}",motor,exact
cpse-04340,catalogue,UNRELATED_361-04340,UNRELATED MATERIAL 361 CERAMIC LINER,"{""size"": ""461 mm"", ""standard"": ""CPSE-OTHER""}",unrelated_361,unrelated
cpse-02692,erp,NUT_M10-02692,MATÉRIEL STEEL HEX NUT M10 GRADE B,"{""grade"": ""B"", ""size"": ""M10"", ""standard"": ""ISO 4032""}",nut_m10,multilingual
cpse-05260,erp,NUT_M10-05260,STL HEX NUT M10 GR B,"{""grade"": ""B"", ""size"": ""M10"", ""standard"": ""ISO 4032""}",nut_m10,abbreviation
cpse-04327,erp,VALVE-04327,GATE VALVE 50 MM 150 PSI,"{""pressure"": ""150 psi"", ""size"": ""50 mm"", ""standard"": ""API 600""}",valve,exact
cpse-01085,catalogue,UNRELATED_90-01085,UNRELATED MATERIAL 90 CERAMIC LINER,"{""size"": ""190 mm"", ""standard"": ""CPSE-OTHER""}",unrelated_90,unrelated
cpse-05041,erp,BOLT_B-05041,STEEL BOLT M10 GRADE B,"{""grade"": ""B"", ""size"": ""M10"", ""standard"": ""ISO 4014""}",bolt_b,exact
cpse-06389,catalogue,WASHER-06389,STEEL WASHER 10 mm,"{""size"": ""M10"", ""standard"": ""ISO 7089""}",washer,unit_format
cpse-08807,catalogue,GASKET-08807,SPIRAL WOUND GASKET DN50,"{""size"": ""DN50"", ""standard"": ""ASME B16.20""}",gasket,exact
cpse-07986,maintenance,PIPE-07986,CARBON STEEL TUBE 50 MM SCH 40,"{""size"": ""50 mm"", ""standard"": ""ASTM A106""}",pipe,terminology
cpse-09014,catalogue,BOLT_C-09014,STEEL BOLT 10 mm GRADE C,"{""grade"": ""C"", ""size"": ""M10"", ""standard"": ""ISO 4014""}",bolt_c,unit_format
cpse-04750,erp,FLANGE-04750,MATÉRIEL WELD NECK FLANGE DN50 PN16,"{""pressure"": ""PN16"", ""size"": ""DN50"", ""standard"": ""EN 1092""}",flange,multilingual
cpse-05458,erp,FLANGE-05458,WELD NECK FLANGE DN50 PN16,"{""pressure"": ""PN16"", ""size"": ""DN50"", ""standard"": ""EN 1092""}",flange,unit_format
cpse-07557,maintenance,BEARING-07557,MATÉRIEL DEEP GROOVE BALL BEARING 6205,"{""size"": ""6205"", ""standard"": ""ISO 15""}",bearing,multilingual
cpse-05294,catalogue,BOLT_C-05294,CARBON STEEL HEX BOLT M10 GRADE C,"{""grade"": ""C"", ""size"": ""M10"", ""standard"": ""ISO 4014""}",bolt_c,near_duplicate
cpse-03640,erp,UNRELATED_303-03640,UNRELATED MATERIAL 303 CERAMIC LINER,"{""size"": ""403 mm"", ""standard"": ""CPSE-OTHER""}",unrelated_303,unrelated
cpse-09954,maintenance,UNRELATED_829-09954,UNRELATED MATERIAL 829 CERAMIC LINER,"{""size"": ""929 mm"", ""standard"": ""CPSE-OTHER""}",unrelated_829,unrelated
cpse-04094,catalogue,BOLT_C-04094,STEEL FASTENER M10 GRADE C,"{""grade"": ""C"", ""size"": ""M10"", ""standard"": ""ISO 4014""}",bolt_c,terminology
cpse-07076,catalogue,CABLE-07076,POWER CABLE 4 CORE 240 V,"{""size"": ""4 core"", ""voltage"": ""240 V""}",cable,terminology
cpse-04671,maintenance,BOLT_M12-04671,CARBON STEEL HEX BOLT M12 GRADE B,"{""grade"": ""B"", ""size"": ""M12"", ""standard"": ""ISO 4014""}",bolt_m12,near_duplicate
cpse-06459,maintenance,BOLT_M12-06459,STEEL BOLT M12 GRADE B,"{""grade"": ""B"", ""size"": ""M12"", ""standard"": ""ISO 4014""}",bolt_m12,unit_format
cpse-02706,maintenance,PIPE-02706,TUBO ACERO CARBONO 50 MM SCH 40,"{""size"": ""50 mm"", ""standard"": ""ASTM A106""}",pipe,multilingual
cpse-03168,maintenance,MOTOR-03168,MATÉRIEL INDUCTION MOTOR 5 KW 415 V,"{""size"": ""5 kW"", ""voltage"": ""415 V""}",motor,multilingual
cpse-00069,maintenance,BEARING-00069,DEEP GROOVE BALL BEARING 6205,"{""size"": ""6205"", ""standard"": ""ISO 15""}",bearing,terminology
cpse-02010,maintenance,PIPE-02010,CARBON STEEL PIPE 50 MM SCH 40,"{""size"": ""50 mm"", ""standard"": ""ASTM A106""}",pipe,exact
cpse-09958,erp,FLANGE-09958,MATÉRIEL WELD NECK FLANGE DN50 PN16,"{""pressure"": ""PN16"", ""size"": ""DN50"", ""standard"": ""EN 1092""}",flange,multilingual
cpse-06520,erp,NUT_M10-06520,STL HEX NUT M10 GR B,"{""grade"": ""B"", ""size"": ""M10"", ""standard"": ""ISO 4032""}",nut_m10,abbreviation
cpse-04320,maintenance,MOTOR-04320,INDUCTION MOTOR 5 KW 415 V,"{""size"": ""5 kW"", ""voltage"": ""415 V""}",motor,exact
cpse-00293,catalogue,WASHER-00293,STEEL WASHER M10,"{""size"": ""M10"", ""standard"": ""ISO 7089""}",washer,terminology
cpse-09807,maintenance,UNRELATED_817-09807,UNRELATED MATERIAL 817 CERAMIC LINER,"{""size"": ""917 mm"", ""standard"": ""CPSE-OTHER""}",unrelated_817,unrelated
cpse-04979,catalogue,GASKET-04979,SPIRAL WOUND GASKET DN50,"{""size"": ""DN50"", ""standard"": ""ASME B16.20""}",gasket,near_duplicate
cpse-01638,maintenance,UNRELATED_136-01638,UNRELATED MATERIAL 136 CERAMIC LINER,"{""size"": ""236 mm"", ""standard"": ""CPSE-OTHER""}",unrelated_136,unrelated
cpse-04658,catalogue,BOLT_C-04658,STL BLT M10 GR C,"{""grade"": ""C"", ""size"": ""M10"", ""standard"": ""ISO 4014""}",bolt_c,abbreviation
cpse-00573,maintenance,BEARING-00573,DEEP GROOVE BALL BEARING 6205,"{""size"": ""6205"", ""standard"": ""ISO 15""}",bearing,terminology
cpse-05993,catalogue,WASHER-05993,STEEL WASHER M10,"{""size"": ""M10"", ""standard"": ""ISO 7089""}",washer,exact
cpse-05628,maintenance,UNRELATED_468-05628,UNRELATED MATERIAL 468 CERAMIC LINER,"{""size"": ""568 mm"", ""standard"": ""CPSE-OTHER""}",unrelated_468,unrelated
cpse-07308,maintenance,UNRELATED_608-07308,UNRELATED MATERIAL 608 CERAMIC LINER,"{""size"": ""708 mm"", ""standard"": ""CPSE-OTHER""}",unrelated_608,unrelated
cpse-07030,erp,FLANGE-07030,WELD NECK FLANGE DN50 PN16,"{""pressure"": ""PN16"", ""size"": ""DN50"", ""standard"": ""EN 1092""}",flange,near_duplicate
cpse-06391,erp,UNRELATED_532-06391,UNRELATED MATERIAL 532 CERAMIC LINER,"{""size"": ""632 mm"", ""standard"": ""CPSE-OTHER""}",unrelated_532,unrelated
cpse-01083,maintenance,BOLT_M12-01083,STEEL BOLT M12 GRADE B,"{""grade"": ""B"", ""size"": ""M12"", ""standard"": ""ISO 4014""}",bolt_m12,unit_format
cpse-01060,erp,NUT_M10-01060,STL HEX NUT M10 GR B,"{""grade"": ""B"", ""size"": ""M10"", ""standard"": ""ISO 4032""}",nut_m10,abbreviation
cpse-04310,catalogue,BOLT_C-04310,STEEL BOLT 10 mm GRADE C,"{""grade"": ""C"", ""size"": ""M10"", ""standard"": ""ISO 4014""}",bolt_c,unit_format
cpse-09762,maintenance,PIPE-09762,TUBO ACERO CARBONO 50 MM SCH 40,"{""size"": ""50 mm"", ""standard"": ""ASTM A106""}",pipe,multilingual
cpse-07844,catalogue,CABLE-07844,CÂBLE PUISSANCE 4 ÂMES 240 V,"{""size"": ""4 core"", ""voltage"": ""240 V""}",cable,multilingual
cpse-07978,erp,FLANGE-07978,WELD NECK FLANGE DN50 PN16,"{""pressure"": ""PN16"", ""size"": ""DN50"", ""standard"": ""EN 1092""}",flange,unit_format
cpse-06245,catalogue,WASHER-06245,STEEL WASHER M10,"{""size"": ""M10"", ""standard"": ""ISO 7089""}",washer,exact
cpse-01059,maintenance,BOLT_M12-01059,CARBON STEEL HEX BOLT M12 GRADE B,"{""grade"": ""B"", ""size"": ""M12"", ""standard"": ""ISO 4014""}",bolt_m12,near_duplicate
cpse-04240,erp,NUT_M10-04240,STEEL HEX NUT 10 mm GRADE B,"{""grade"": ""B"", ""size"": ""M10"", ""standard"": ""ISO 4032""}",nut_m10,unit_format
cpse-05988,maintenance,MOTOR-05988,INDUCTION MOTOR 5 KW 415 V,"{""size"": ""5 kW"", ""voltage"": ""415 V""}",motor,abbreviation
cpse-09176,catalogue,CABLE-09176,POWER CABLE 4 CORE 240 V,"{""size"": ""4 core"", ""voltage"": ""240 V""}",cable,terminology
cpse-09850,erp,FLANGE-09850,WELD NECK FLANGE DN50 PN16,"{""pressure"": ""PN16"", ""size"": ""DN50"", ""standard"": ""EN 1092""}",flange,exact
cpse-05340,maintenance,MOTOR-05340,INDUCTION MOTOR 5 KW 415 V,"{""size"": ""5 kW"", ""voltage"": ""415 V""}",motor,terminology
cpse-08088,maintenance,MOTOR-08088,INDUCTION MOTOR 5 KW 415 V,"{""size"": ""5 kW"", ""voltage"": ""415 V""}",motor,abbreviation
cpse-01217,catalogue,WASHER-01217,STEEL WASHER M10,"{""size"": ""M10"", ""standard"": ""ISO 7089""}",washer,terminology
cpse-01557,maintenance,BEARING-01557,DEEP GROOVE BALL BEARING 6205,"{""size"": ""6205"", ""standard"": ""ISO 15""}",bearing,abbreviation
cpse-08419,erp,VALVE-08419,GATE VALVE 50mm 150 PSI,"{""pressure"": ""150 psi"", ""size"": ""50 mm"", ""standard"": ""API 600""}",valve,unit_format
cpse-08827,erp,UNRELATED_735-08827,UNRELATED MATERIAL 735 CERAMIC LINER,"{""size"": ""835 mm"", ""standard"": ""CPSE-OTHER""}",unrelated_735,unrelated
cpse-07348,erp,NUT_M10-07348,STEEL HEX NUT 10 mm GRADE B,"{""grade"": ""B"", ""size"": ""M10"", ""standard"": ""ISO 4032""}",nut_m10,unit_format
cpse-08817,maintenance,BEARING-08817,MATÉRIEL DEEP GROOVE BALL BEARING 6205,"{""size"": ""6205"", ""standard"": ""ISO 15""}",bearing,multilingual
cpse-00308,catalogue,UNRELATED_25-00308,UNRELATED MATERIAL 25 CERAMIC LINER,"{""size"": ""125 mm"", ""standard"": ""CPSE-OTHER""}",unrelated_25,unrelated
cpse-08241,maintenance,BEARING-08241,DEEP GROOVE BALL BEARING 6205,"{""size"": ""6205"", ""standard"": ""ISO 15""}",bearing,near_duplicate
cpse-00484,erp,NUT_M10-00484,STEEL HEX NUT M10 GRADE B,"{""grade"": ""B"", ""size"": ""M10"", ""standard"": ""ISO 4032""}",nut_m10,exact
cpse-03171,maintenance,UNRELATED_264-03171,UNRELATED MATERIAL 264 CERAMIC LINER,"{""size"": ""364 mm"", ""standard"": ""CPSE-OTHER""}",unrelated_264,unrelated
cpse-02394,maintenance,UNRELATED_199-02394,UNRELATED MATERIAL 199 CERAMIC LINER,"{""size"": ""299 mm"", ""standard"": ""CPSE-OTHER""}",unrelated_199,unrelated
cpse-03143,catalogue,UNRELATED_261-03143,UNRELATED MATERIAL 261 CERAMIC LINER,"{""size"": ""361 mm"", ""standard"": ""CPSE-OTHER""}",unrelated_261,unrelated
cpse-00857,catalogue,WASHER-00857,STL WASHER M10,"{""size"": ""M10"", ""standard"": ""ISO 7089""}",washer,abbreviation
cpse-02814,maintenance,UNRELATED_234-02814,UNRELATED MATERIAL 234 CERAMIC LINER,"{""size"": ""334 mm"", ""standard"": ""CPSE-OTHER""}",unrelated_234,unrelated
cpse-09006,maintenance,PIPE-09006,TUBO ACERO CARBONO 50 MM SCH 40,"{""size"": ""50 mm"", ""standard"": ""ASTM A106""}",pipe,multilingual
cpse-02125,erp,BOLT_B-02125,БОЛТ СТАЛЬ M10 КЛАСС B,"{""grade"": ""B"", ""size"": ""M10"", ""standard"": ""ISO 4014""}",bolt_b,multilingual
cpse-07131,maintenance,BOLT_M12-07131,STEEL BOLT M12 GRADE B,"{""grade"": ""B"", ""size"": ""M12"", ""standard"": ""ISO 4014""}",bolt_m12,unit_format
cpse-02746,erp,FLANGE-02746,WELD NECK FLANGE DN50 PN16,"{""pressure"": ""PN16"", ""size"": ""DN50"", ""standard"": ""EN 1092""}",flange,near_duplicate
cpse-06988,erp,NUT_M10-06988,CARBON STEEL HEX NUT M10 GRADE B,"{""grade"": ""B"", ""size"": ""M10"", ""standard"": ""ISO 4032""}",nut_m10,near_duplicate
cpse-06669,maintenance,BEARING-06669,DEEP GROOVE BALL BEARING 6205,"{""size"": ""6205"", ""standard"": ""ISO 15""}",bearing,unit_format
cpse-02332,erp,NUT_M10-02332,STEEL HEX NUT M10 GRADE B,"{""grade"": ""B"", ""size"": ""M10"", ""standard"": ""ISO 4032""}",nut_m10,exact
cpse-04435,erp,VALVE-04435,VÁLVULA COMPUERTA 50 MM 150 PSI,"{""pressure"": ""150 psi"", ""size"": ""50 mm"", ""standard"": ""API 600""}",valve,multilingual
cpse-05099,catalogue,GASKET-05099,SPIRAL WOUND GASKET DN50,"{""size"": ""DN50"", ""standard"": ""ASME B16.20""}",gasket,abbreviation
cpse-03172,erp,NUT_M10-03172,STEEL HEX NUT M10 GRADE B,"{""grade"": ""B"", ""size"": ""M10"", ""standard"": ""ISO 4032""}",nut_m10,exact
cpse-01226,catalogue,BOLT_C-01226,STEEL BOLT M10 GRADE C,"{""grade"": ""C"", ""size"": ""M10"", ""standard"": ""ISO 4014""}",bolt_c,exact
cpse-00138,maintenance,PIPE-00138,CARBON STEEL PIPE 50mm SCH 40,"{""size"": ""50 mm"", ""standard"": ""ASTM A106""}",pipe,unit_format
cpse-02402,catalogue,BOLT_C-02402,STEEL BOLT M10 GRADE C,"{""grade"": ""C"", ""size"": ""M10"", ""standard"": ""ISO 4014""}",bolt_c,exact
cpse-09658,erp,FLANGE-09658,WELD NECK FLANGE DN50 PN16,"{""pressure"": ""PN16"", ""size"": ""DN50"", ""standard"": ""EN 1092""}",flange,unit_format
cpse-03213,maintenance,UNRELATED_267-03213,UNRELATED MATERIAL 267 CERAMIC LINER,"{""size"": ""367 mm"", ""standard"": ""CPSE-OTHER""}",unrelated_267,unrelated
cpse-09574,erp,FLANGE-09574,WELD NECK FLANGE DN50 PN16,"{""pressure"": ""PN16"", ""size"": ""DN50"", ""standard"": ""EN 1092""}",flange,unit_format
cpse-07199,catalogue,GASKET-07199,SPIRAL WOUND GASKET DN50,"{""size"": ""DN50"", ""standard"": ""ASME B16.20""}",gasket,abbreviation
cpse-03987,maintenance,BOLT_M12-03987,MATÉRIEL STEEL BOLT M12 GRADE B,"{""grade"": ""B"", ""size"": ""M12"", ""standard"": ""ISO 4014""}",bolt_m12,multilingual
cpse-00088,erp,NUT_M10-00088,MATÉRIEL STEEL HEX NUT M10 GRADE B,"{""grade"": ""B"", ""size"": ""M10"", ""standard"": ""ISO 4032""}",nut_m10,multilingual
cpse-02556,maintenance,MOTOR-02556,INDUCTION MOTOR 5 KW 415 V,"{""size"": ""5 kW"", ""voltage"": ""415 V""}",motor,exact
cpse-01362,maintenance,PIPE-01362,TUBO ACERO CARBONO 50 MM SCH 40,"{""size"": ""50 mm"", ""standard"": ""ASTM A106""}",pipe,multilingual
cpse-01938,maintenance,PIPE-01938,CARBON STEEL TUBE 50 MM SCH 40,"{""size"": ""50 mm"", ""standard"": ""ASTM A106""}",pipe,terminology
cpse-05672,catalogue,CABLE-05672,POWER CABLE 4 CORE 240 V,"{""size"": ""4 core"", ""voltage"": ""240 V""}",cable,near_duplicate
cpse-05914,erp,FLANGE-05914,WELD NECK FLANGE DN50 PN16,"{""pressure"": ""PN16"", ""size"": ""DN50"", ""standard"": ""EN 1092""}",flange,terminology
cpse-00584,catalogue,CABLE-00584,POWER CABLE 4 CORE 240 V,"{""size"": ""4 core"", ""voltage"": ""240 V""}",cable,abbreviation
cpse-04512,maintenance,MOTOR-04512,MATÉRIEL INDUCTION MOTOR 5 KW 415 V,"{""size"": ""5 kW"", ""voltage"": ""415 V""}",motor,multilingual
cpse-06288,maintenance,MOTOR-06288,INDUCTION MOTOR 5 KW 415 V,"{""size"": ""5 kW"", ""voltage"": ""415 V""}",motor,near_duplicate
cpse-07807,erp,VALVE-07807,GATE VALVE 50 MM 150 PSI,"{""pressure"": ""150 psi"", ""size"": ""50 mm"", ""standard"": ""API 600""}",valve,near_duplicate
cpse-02025,maintenance,BEARING-02025,DEEP GROOVE BALL BEARING 6205,"{""size"": ""6205"", ""standard"": ""ISO 15""}",bearing,near_duplicate
cpse-08809,erp,BOLT_B-08809,STL BLT M10 GR B,"{""grade"": ""B"", ""size"": ""M10"", ""standard"": ""ISO 4014""}",bolt_b,abbreviation
cpse-00732,maintenance,MOTOR-00732,MATÉRIEL INDUCTION MOTOR 5 KW 415 V,"{""size"": ""5 kW"", ""voltage"": ""415 V""}",motor,multilingual
cpse-00784,erp,UNRELATED_65-00784,UNRELATED MATERIAL 65 CERAMIC LINER,"{""size"": ""165 mm"", ""standard"": ""CPSE-OTHER""}",unrelated_65,unrelated
cpse-09452,catalogue,CABLE-09452,POWER CABLE 4 CORE 240 V,"{""size"": ""4 core"", ""voltage"": ""240 V""}",cable,near_duplicate
cpse-05735,catalogue,GASKET-05735,SPIRAL WOUND GASKET DN50,"{""size"": ""DN50"", ""standard"": ""ASME B16.20""}",gasket,near_duplicate
cpse-03434,catalogue,BOLT_C-03434,БОЛТ СТАЛЬ M10 КЛАСС C,"{""grade"": ""C"", ""size"": ""M10"", ""standard"": ""ISO 4014""}",bolt_c,multilingual
cpse-08893,erp,BOLT_B-08893,STL BLT M10 GR B,"{""grade"": ""B"", ""size"": ""M10"", ""standard"": ""ISO 4014""}",bolt_b,abbreviation
cpse-08560,erp,NUT_M10-08560,STEEL HEX NUT M10 GRADE B,"{""grade"": ""B"", ""size"": ""M10"", ""standard"": ""ISO 4032""}",nut_m10,terminology
cpse-05507,catalogue,GASKET-05507,SPIRAL WOUND GASKET DN50,"{""size"": ""DN50"", ""standard"": ""ASME B16.20""}",gasket,unit_format
cpse-01935,maintenance,BOLT_M12-01935,STL BLT M12 GR B,"{""grade"": ""B"", ""size"": ""M12"", ""standard"": ""ISO 4014""}",bolt_m12,abbreviation
cpse-05026,erp,UNRELATED_418-05026,UNRELATED MATERIAL 418 CERAMIC LINER,"{""size"": ""518 mm"", ""standard"": ""CPSE-OTHER""}",unrelated_418,unrelated
cpse-02232,maintenance,MOTOR-02232,INDUCTION MOTOR 5 KW 415 V,"{""size"": ""5 kW"", ""voltage"": ""415 V""}",motor,terminology
cpse-02901,maintenance,BEARING-02901,DEEP GROOVE BALL BEARING 6205,"{""size"": ""6205"", ""standard"": ""ISO 15""}",bearing,abbreviation
cpse-07373,catalogue,WASHER-07373,CARBON STEEL WASHER M10,"{""size"": ""M10"", ""standard"": ""ISO 7089""}",washer,near_duplicate
cpse-07956,maintenance,MOTOR-07956,MATÉRIEL INDUCTION MOTOR 5 KW 415 V,"{""size"": ""5 kW"", ""voltage"": ""415 V""}",motor,multilingual
cpse-05492,catalogue,CABLE-05492,CÂBLE PUISSANCE 4 ÂMES 240 V,"{""size"": ""4 core"", ""voltage"": ""240 V""}",cable,multilingual
cpse-09790,erp,FLANGE-09790,MATÉRIEL WELD NECK FLANGE DN50 PN16,"{""pressure"": ""PN16"", ""size"": ""DN50"", ""standard"": ""EN 1092""}",flange,multilingual
cpse-04589,catalogue,WASHER-04589,MATÉRIEL STEEL WASHER M10,"{""size"": ""M10"", ""standard"": ""ISO 7089""}",washer,multilingual
cpse-03813,maintenance,BEARING-03813,DEEP GROOVE BALL BEARING 6205,"{""size"": ""6205"", ""standard"": ""ISO 15""}",bearing,unit_format
cpse-00701,catalogue,WASHER-00701,STEEL WASHER M10,"{""size"": ""M10"", ""standard"": ""ISO 7089""}",washer,exact
cpse-06677,catalogue,WASHER-06677,STEEL WASHER M10,"{""size"": ""M10"", ""standard"": ""ISO 7089""}",washer,terminology
cpse-02312,catalogue,CABLE-02312,POWER CABLE 4 CORE 240 V,"{""size"": ""4 core"", ""voltage"": ""240 V""}",cable,near_duplicate
cpse-07304,catalogue,CABLE-07304,POWER CABLE 4 CORE 240 V,"{""size"": ""4 core"", ""voltage"": ""240 V""}",cable,abbreviation
cpse-03336,maintenance,MOTOR-03336,MATÉRIEL INDUCTION MOTOR 5 KW 415 V,"{""size"": ""5 kW"", ""voltage"": ""415 V""}",motor,multilingual
cpse-05779,erp,VALVE-05779,VÁLVULA COMPUERTA 50 MM 150 PSI,"{""pressure"": ""150 psi"", ""size"": ""50 mm"", ""standard"": ""API 600""}",valve,multilingual
cpse-04482,maintenance,PIPE-04482,CARBON CARBON STEEL PIPE 50 MM SCH 40,"{""size"": ""50 mm"", ""standard"": ""ASTM A106""}",pipe,near_duplicate
cpse-01906,erp,FLANGE-01906,WELD NECK FLANGE DN50 PN16,"{""pressure"": ""PN16"", ""size"": ""DN50"", ""standard"": ""EN 1092""}",flange,near_duplicate
cpse-01265,catalogue,WASHER-01265,STEEL WASHER 10 mm,"{""size"": ""M10"", ""standard"": ""ISO 7089""}",washer,unit_format
cpse-08244,maintenance,MOTOR-08244,INDUCTION MOTOR 5 KW 415 V,"{""size"": ""5 kW"", ""voltage"": ""415 V""}",motor,unit_format
cpse-05489,catalogue,WASHER-05489,STEEL WASHER M10,"{""size"": ""M10"", ""standard"": ""ISO 7089""}",washer,exact
cpse-00939,maintenance,BOLT_M12-00939,STEEL BOLT M12 GRADE B,"{""grade"": ""B"", ""size"": ""M12"", ""standard"": ""ISO 4014""}",bolt_m12,exact
cpse-06540,maintenance,MOTOR-06540,INDUCTION MOTOR 5 KW 415 V,"{""size"": ""5 kW"", ""voltage"": ""415 V""}",motor,near_duplicate
cpse-01020,maintenance,MOTOR-01020,INDUCTION MOTOR 5 KW 415 V,"{""size"": ""5 kW"", ""voltage"": ""415 V""}",motor,unit_format
cpse-06715,erp,VALVE-06715,GATE VALVE 50 MM 150 PSI,"{""pressure"": ""150 psi"", ""size"": ""50 mm"", ""standard"": ""API 600""}",valve,near_duplicate
cpse-06423,maintenance,BOLT_M12-06423,MATÉRIEL STEEL BOLT M12 GRADE B,"{""grade"": ""B"", ""size"": ""M12"", ""standard"": ""ISO 4014""}",bolt_m12,multilingual
cpse-08791,erp,VALVE-08791,GATE VALVE 50 MM 150 PSI,"{""pressure"": ""150 psi"", ""size"": ""50 mm"", ""standard"": ""API 600""}",valve,terminology
cpse-00950,catalogue,BOLT_C-00950,STEEL BOLT 10 mm GRADE C,"{""grade"": ""C"", ""size"": ""M10"", ""standard"": ""ISO 4014""}",bolt_c,unit_format
cpse-02196,maintenance,MOTOR-02196,INDUCTION MOTOR 5 KW 415 V,"{""size"": ""5 kW"", ""voltage"": ""415 V""}",motor,unit_format
cpse-09998,catalogue,BOLT_C-09998,CARBON STEEL HEX BOLT M10 GRADE C,"{""grade"": ""C"", ""size"": ""M10"", ""standard"": ""ISO 4014""}",bolt_c,near_duplicate
cpse-07123,erp,VALVE-07123,VÁLVULA COMPUERTA 50 MM 150 PSI,"{""pressure"": ""150 psi"", ""size"": ""50 mm"", ""standard"": ""API 600""}",valve,multilingual
cpse-03811,erp,VALVE-03811,GATE VALVE 50 MM 150 PSI,"{""pressure"": ""150 psi"", ""size"": ""50 mm"", ""standard"": ""API 600""}",valve,abbreviation
cpse-04741,erp,BOLT_B-04741,CARBON STEEL HEX BOLT M10 GRADE B,"{""grade"": ""B"", ""size"": ""M10"", ""standard"": ""ISO 4014""}",bolt_b,near_duplicate
cpse-04786,erp,FLANGE-04786,WELD NECK FLANGE DN50 PN16,"{""pressure"": ""PN16"", ""size"": ""DN50"", ""standard"": ""EN 1092""}",flange,unit_format
cpse-09140,catalogue,CABLE-09140,POWER CABLE 4 CORE 240VAC,"{""size"": ""4 core"", ""voltage"": ""240 V""}",cable,unit_format
cpse-03952,erp,NUT_M10-03952,MATÉRIEL STEEL HEX NUT M10 GRADE B,"{""grade"": ""B"", ""size"": ""M10"", ""standard"": ""ISO 4032""}",nut_m10,multilingual
cpse-08042,catalogue,BOLT_C-08042,STEEL FASTENER M10 GRADE C,"{""grade"": ""C"", ""size"": ""M10"", ""standard"": ""ISO 4014""}",bolt_c,terminology
cpse-09360,maintenance,MOTOR-09360,INDUCTION MOTOR 5 KW 415 V,"{""size"": ""5 kW"", ""voltage"": ""415 V""}",motor,exact
cpse-03354,maintenance,PIPE-03354,CARBON STEEL PIPE 50 MM SCH 40,"{""size"": ""50 mm"", ""standard"": ""ASTM A106""}",pipe,exact
cpse-02413,erp,BOLT_B-02413,STEEL BOLT 10 mm GRADE B,"{""grade"": ""B"", ""size"": ""M10"", ""standard"": ""ISO 4014""}",bolt_b,unit_format
cpse-08004,maintenance,MOTOR-08004,INDUCTION MOTOR 5 KW 415 V,"{""size"": ""5 kW"", ""voltage"": ""415 V""}",motor,abbreviation
cpse-07041,maintenance,BEARING-07041,DEEP GROOVE BALL BEARING 6205,"{""size"": ""6205"", ""standard"": ""ISO 15""}",bearing,terminology
cpse-03090,maintenance,PIPE-03090,CARBON STL PIPE 50 MM SCH 40,"{""size"": ""50 mm"", ""standard"": ""ASTM A106""}",pipe,abbreviation
cpse-02856,maintenance,UNRELATED_237-02856,UNRELATED MATERIAL 237 CERAMIC LINER,"{""size"": ""337 mm"", ""standard"": ""CPSE-OTHER""}",unrelated_237,unrelated
cpse-06933,maintenance,BEARING-06933,DEEP GROOVE BALL BEARING 6205,"{""size"": ""6205"", ""standard"": ""ISO 15""}",bearing,abbreviation
cpse-03947,catalogue,GASKET-03947,SPIRAL WOUND GASKET DN50,"{""size"": ""DN50"", ""standard"": ""ASME B16.20""}",gasket,terminology
cpse-00396,maintenance,MOTOR-00396,MATÉRIEL INDUCTION MOTOR 5 KW 415 V,"{""size"": ""5 kW"", ""voltage"": ""415 V""}",motor,multilingual
cpse-06672,maintenance,MOTOR-06672,INDUCTION MOTOR 5 KW 415 V,"{""size"": ""5 kW"", ""voltage"": ""415 V""}",motor,exact
cpse-06705,maintenance,BEARING-06705,DEEP GROOVE BALL BEARING 6205,"{""size"": ""6205"", ""standard"": ""ISO 15""}",bearing,terminology
cpse-03532,erp,NUT_M10-03532,MATÉRIEL STEEL HEX NUT M10 GRADE B,"{""grade"": ""B"", ""size"": ""M10"", ""standard"": ""ISO 4032""}",nut_m10,multilingual
cpse-08799,maintenance,UNRELATED_733-08799,UNRELATED MATERIAL 733 CERAMIC LINER,"{""size"": ""833 mm"", ""standard"": ""CPSE-OTHER""}",unrelated_733,unrelated
cpse-03580,erp,NUT_M10-03580,STL HEX NUT M10 GR B,"{""grade"": ""B"", ""size"": ""M10"", ""standard"": ""ISO 4032""}",nut_m10,abbreviation
cpse-04459,erp,UNRELATED_371-04459,UNRELATED MATERIAL 371 CERAMIC LINER,"{""size"": ""471 mm"", ""standard"": ""CPSE-OTHER""}",unrelated_371,unrelated
cpse-03472,erp,UNRELATED_289-03472,UNRELATED MATERIAL 289 CERAMIC LINER,"{""size"": ""389 mm"", ""standard"": ""CPSE-OTHER""}",unrelated_289,unrelated
cpse-02452,erp,NUT_M10-02452,CARBON STEEL HEX NUT M10 GRADE B,"{""grade"": ""B"", ""size"": ""M10"", ""standard"": ""ISO 4032""}",nut_m10,near_duplicate
cpse-01079,catalogue,GASKET-01079,SPIRAL WOUND GASKET DN50,"{""size"": ""DN50"", ""standard"": ""ASME B16.20""}",gasket,exact
cpse-08804,catalogue,CABLE-08804,POWER CABLE 4 CORE 240VAC,"{""size"": ""4 core"", ""voltage"": ""240 V""}",cable,unit_format
cpse-07111,erp,VALVE-07111,GATE VALVE 50 MM 150 PSI,"{""pressure"": ""150 psi"", ""size"": ""50 mm"", ""standard"": ""API 600""}",valve,terminology
cpse-06539,catalogue,GASKET-06539,SPIRAL WOUND GASKET DN50,"{""size"": ""DN50"", ""standard"": ""ASME B16.20""}",gasket,exact
cpse-06867,maintenance,UNRELATED_572-06867,UNRELATED MATERIAL 572 CERAMIC LINER,"{""size"": ""672 mm"", ""standard"": ""CPSE-OTHER""}",unrelated_572,unrelated
cpse-00561,maintenance,BEARING-00561,DEEP GROOVE BALL BEARING 6205,"{""size"": ""6205"", ""standard"": ""ISO 15""}",bearing,exact
cpse-00312,maintenance,MOTOR-00312,MATÉRIEL INDUCTION MOTOR 5 KW 415 V,"{""size"": ""5 kW"", ""voltage"": ""415 V""}",motor,multilingual
cpse-03156,maintenance,MOTOR-03156,INDUCTION MOTOR 5 KW 415 V,"{""size"": ""5 kW"", ""voltage"": ""415 V""}",motor,terminology
cpse-05337,maintenance,BEARING-05337,DEEP GROOVE BALL BEARING 6205,"{""size"": ""6205"", ""standard"": ""ISO 15""}",bearing,abbreviation
cpse-00496,erp,NUT_M10-00496,STEEL HEX NUT M10 GRADE B,"{""grade"": ""B"", ""size"": ""M10"", ""standard"": ""ISO 4032""}",nut_m10,terminology
cpse-06553,erp,BOLT_B-06553,STEEL BOLT M10 GRADE B,"{""grade"": ""B"", ""size"": ""M10"", ""standard"": ""ISO 4014""}",bolt_b,exact
cpse-01508,catalogue,CABLE-01508,POWER CABLE 4 CORE 240 V,"{""size"": ""4 core"", ""voltage"": ""240 V""}",cable,abbreviation
cpse-02229,maintenance,BEARING-02229,DEEP GROOVE BALL BEARING 6205,"{""size"": ""6205"", ""standard"": ""ISO 15""}",bearing,abbreviation
cpse-07232,catalogue,CABLE-07232,POWER CABLE 4 CORE 240 V,"{""size"": ""4 core"", ""voltage"": ""240 V""}",cable,exact
cpse-02457,maintenance,UNRELATED_204-02457,UNRELATED MATERIAL 204 CERAMIC LINER,"{""size"": ""304 mm"", ""standard"": ""CPSE-OTHER""}",unrelated_204,unrelated
cpse-03874,erp,FLANGE-03874,WELD NECK FLANGE DN50 PN16,"{""pressure"": ""PN16"", ""size"": ""DN50"", ""standard"": ""EN 1092""}",flange,abbreviation
cpse-04213,erp,BOLT_B-04213,STEEL FASTENER M10 GRADE B,"{""grade"": ""B"", ""size"": ""M10"", ""standard"": ""ISO 4014""}",bolt_b,terminology
cpse-09698,catalogue,BOLT_C-09698,STL BLT M10 GR C,"{""grade"": ""C"", ""size"": ""M10"", ""standard"": ""ISO 4014""}",bolt_c,abbreviation
cpse-06542,catalogue,BOLT_C-06542,БОЛТ СТАЛЬ M10 КЛАСС C,"{""grade"": ""C"", ""size"": ""M10"", ""standard"": ""ISO 4014""}",bolt_c,multilingual
cpse-02671,erp,VALVE-02671,VÁLVULA COMPUERTA 50 MM 150 PSI,"{""pressure"": ""150 psi"", ""size"": ""50 mm"", ""standard"": ""API 600""}",valve,multilingual
cpse-03332,catalogue,UNRELATED_277-03332,UNRELATED MATERIAL 277 CERAMIC LINER,"{""size"": ""377 mm"", ""standard"": ""CPSE-OTHER""}",unrelated_277,unrelated
cpse-07140,maintenance,UNRELATED_594-07140,UNRELATED MATERIAL 594 CERAMIC LINER,"{""size"": ""694 mm"", ""standard"": ""CPSE-OTHER""}",unrelated_594,unrelated
cpse-05552,catalogue,CABLE-05552,POWER CABLE 4 CORE 240 V,"{""size"": ""4 core"", ""voltage"": ""240 V""}",cable,exact
cpse-05659,erp,VALVE-05659,GATE VALVE 50 MM 150 PSI,"{""pressure"": ""150 psi"", ""size"": ""50 mm"", ""standard"": ""API 600""}",valve,abbreviation
cpse-04265,catalogue,WASHER-04265,CARBON STEEL WASHER M10,"{""size"": ""M10"", ""standard"": ""ISO 7089""}",washer,near_duplicate
cpse-08227,erp,VALVE-08227,GATE VALVE 50 MM 150 PSI,"{""pressure"": ""150 psi"", ""size"": ""50 mm"", ""standard"": ""API 600""}",valve,near_duplicate
cpse-00294,maintenance,UNRELATED_24-00294,UNRELATED MATERIAL 24 CERAMIC LINER,"{""size"": ""124 mm"", ""standard"": ""CPSE-OTHER""}",unrelated_24,unrelated
cpse-05940,maintenance,MOTOR-05940,MATÉRIEL INDUCTION MOTOR 5 KW 415 V,"{""size"": ""5 kW"", ""voltage"": ""415 V""}",motor,multilingual
cpse-04673,catalogue,WASHER-04673,MATÉRIEL STEEL WASHER M10,"{""size"": ""M10"", ""standard"": ""ISO 7089""}",washer,multilingual
